,Solvent
0,O
2,ClC(Cl)Cl
3,CC#N
4,CS(C)=O
5,C1CCCCC1
6,CCOC(C)=O
8,CCO
9,OCC(O)CO
32,CO
35,[2H]O[2H]
46,CC(C)O
51,CCCO
56,CCCCO
61,CCCCCCO
66,CCCCCCCCO
84,c1ccccc1
85,CCN(CC)CC
86,Clc1ccccc1
87,CC(C)=O
88,OCCO
111,Cc1ccccc1
116,CCCCCC
117,ClC(Cl)(Cl)Cl
118,C1COCCO1
119,ClCCl
148,C1CCOC1
255,NC=O
259,OCC(F)(F)F
265,[2H]OC([2H])([2H])C(F)(F)F
278,CCCCOCCCC
279,CCOCC
280,CCCC#N
281,CN(C)C=O
282,CC1COC(=O)O1
283,CCCCCCCCCCO
285,CCCCCO
291,OC(C(F)(F)F)C(F)(F)F
292,[2H]OC
293,[2H]OCC
294,CCCCOC(C)=O
334,CCCCCCCCCC
384,CC(=O)C(C)(C)C
410,CCCCCCC
727,Cc1ccc(C)cc1
743,CCCCl
744,CCC#N
748,CCCCCCCl
798,CC1CCCCC1
805,COC(C)=O
1077,CCCCCCCC
1322,O=c1oc2ccccc2cc1-c1cn2ccccc2n1
1323,CCN(CC)c1ccc2cc(-c3cn4ccccc4n3)c(=O)oc2c1
1324,CCN(CC)c1ccc2cc(-c3cn4cc(C)ccc4n3)c(=O)oc2c1
1325,CCN(CC)c1ccc2cc(-c3cn4cc5ccccc5cc4n3)c(=O)oc2c1
1548,COc1ccc(/C=C(\C#N)c2nc(-c3ccc(OC)cc3)cs2)cc1
1549,COc1ccc(/C=C(\C#N)c2nc(-c3ccc(Cl)cc3)cs2)cc1
1550,COc1ccc(-c2csc(/C(C#N)=C/c3ccc(Cl)cc3)n2)cc1
1551,N#C/C(=C\c1ccc(Cl)cc1)c1nc(-c2ccccc2)cs1
1552,COc1ccc(-c2csc(/C(C#N)=C/c3ccc(C(F)(F)F)cc3)n2)cc1
1553,N#C/C(=C\c1ccc(C(F)(F)F)cc1)c1nc(-c2ccc(Cl)cc2)cs1
1554,COc1ccc(-c2csc(/C(C#N)=C/c3ccc(C#N)cc3)n2)cc1
1555,N#C/C(=C\c1ccc(C#N)cc1)c1nc(-c2ccccc2)cs1
1556,N#C/C(=C\c1ccc(C#N)cc1)c1nc(-c2ccc(Cl)cc2)cs1
1557,COc1ccc(-c2csc(/C(C#N)=C/c3ccc([N+](=O)[O-])cc3)n2)cc1
1558,N#C/C(=C\c1ccc([N+](=O)[O-])cc1)c1nc(-c2ccccc2)cs1
1559,COc1ccc(-c2csc(/C(C#N)=C/c3ccncc3)n2)cc1
1560,N#C/C(=C\c1ccncc1)c1nc(-c2ccccc2)cs1
1561,N#C/C(=C\c1ccncc1)c1nc(-c2ccc(Cl)cc2)cs1
1562,COc1ccc(-c2csc(/C(C#N)=C/c3ccccc3Cl)n2)cc1
1563,COc1ccc(-c2csc(/C(C#N)=C/c3ccc(Cl)cc3Cl)n2)cc1
1564,COc1ccc(-c2csc(/C(C#N)=C/c3c(Cl)cccc3Cl)n2)cc1
1565,COc1ccc(-c2nc(/C(C#N)=C/c3ccc(Cl)cc3)sc2-c2ccc(OC)cc2)cc1
1566,N#C/C(=C\c1ccc(Cl)cc1)c1nc(-c2ccccc2)c(-c2ccccc2)s1
1567,COc1ccc(-c2nc(/C(C#N)=C/c3ccc(C#N)cc3)sc2-c2ccc(OC)cc2)cc1
1568,N#C/C(=C\c1ccc(C#N)cc1)c1nc(-c2ccccc2)c(-c2ccccc2)s1
1569,Cc1ccc(-c2sc(/C(C#N)=C/c3ccc(C#N)cc3)nc2-c2ccc(Cl)cc2)cc1
1570,N#C/C(=C\c1ccc(C#N)cc1)c1nc(-c2ccc(Cl)cc2)c(-c2ccccc2)s1
1689,c1ccncc1
1691,OCCOCCO
1978,c1ccc2c(c1)c1ccccc1n2-c1ccc(-c2ccc(-n3c4ccccc4c4ccccc43)cc2)cc1
1985,O=P(c1ccccc1)(c1ccccc1)c1ccccc1Oc1ccccc1P(=O)(c1ccccc1)c1ccccc1
1990,c1cc(-n2c3ccccc3c3ccccc32)nc(-n2c3ccccc3c3ccccc32)c1
1992,c1ccc2c(c1)c1ccccc1n2P1(n2c3ccccc3c3ccccc32)=NP(n2c3ccccc3c3ccccc32)(n2c3ccccc3c3ccccc32)=NP(n2c3ccccc3c3ccccc32)(n2c3ccccc3c3ccccc32)=N1
1993,c1cc(-c2cccc(-n3c4ccccc4c4ccccc43)c2)cc(-n2c3ccccc3c3ccccc32)c1
2006,c1ccc2c(c1)c1ccccc1n2-c1ccc2sc3ccc(-n4c5ccccc5c5ccccc54)cc3c2c1
2007,c1ccc2c(c1)c1ccccc1n2-c1ccc2sc3ccc(-n4c5ccccc5c5cccnc54)cc3c2c1
2008,c1ccc2c(c1)c1cccnc1n2-c1ccc2sc3ccc(-n4c5ccccc5c5cccnc54)cc3c2c1
2031,c1ccc([Si](c2ccccc2)(c2ccc(-n3c4ccccc4c4ccccc43)cc2)c2ccc(-n3c4ccccc4c4ccccc43)cc2)cc1
2160,N#Cc1ccccc1
2161,O=C1CCCCC1
2232,Oc1ccccc1
2397,C[Si]1(C)C(c2ccccc2)=Cc2ccccc21
2398,C1=C(c2ccccc2)[Si](c2ccccc2)(c2ccccc2)c2ccccc21
2399,FC(F)(F)c1ccc(C2=Cc3ccccc3[Si]2(c2ccccc2)c2ccccc2)cc1
2400,COc1ccc(C2=Cc3ccccc3[Si]2(c2ccccc2)c2ccccc2)cc1
2401,C1=C(c2ccccn2)[Si](c2ccccc2)(c2ccccc2)c2ccccc21
2402,c1ccc(C2=C(c3ccccn3)[Si](c3ccccc3)(c3ccccc3)c3ccccc32)cc1
2412,COc1ccc(N(c2ccccc2)c2ccccc2)cc1
2413,COc1ccc(N(c2ccccc2)c2ccc(OC)cc2)cc1
2414,COc1ccc(N(c2ccc(C=C(c3ccccc3)c3ccccc3)cc2)c2ccc(C=C(c3ccccc3)c3ccccc3)cc2)cc1
2415,COc1ccc(N(c2ccc(C=C(c3ccccc3)c3ccccc3)cc2)c2ccc(OC)cc2)cc1
2416,COc1ccc(N(c2ccc(/C=C(\C)c3ccccc3)cc2)c2ccc(/C=C(\C)c3ccccc3)cc2)cc1
2417,COc1ccc(N(c2ccc(/C=C(\C)c3ccccc3)cc2)c2ccc(OC)cc2)cc1
2480,CC(C)(C)c1cc(-n2c(-c3ccc(C(=C(c4ccccc4)c4ccccc4)c4ccccc4)cc3)cc3c2cc(-c2ccc(C(=C(c4ccccc4)c4ccccc4)c4ccccc4)cc2)n3-c2cc(C(C)(C)C)cc(C(C)(C)C)c2)cc(C(C)(C)C)c1
2481,CC(C)(C)c1cc(-c2cc3c(cc(-c4cc(C(C)(C)C)cc(C(C)(C)C)c4)n3-c3ccc(C(=C(c4ccccc4)c4ccccc4)c4ccccc4)cc3)n2-c2ccc(C(=C(c3ccccc3)c3ccccc3)c3ccccc3)cc2)cc(C(C)(C)C)c1
2502,c1ccc(-p2c3ccccc3c3sc4ccccc4c32)cc1
2503,[BH3-][P+]1(c2ccccc2)c2ccccc2-c2sc3ccccc3c21
2504,O=P1(c2ccccc2)c2ccccc2-c2sc3ccccc3c21
2505,C[P+]1(c2ccccc2)c2ccccc2-c2sc3ccccc3c21
2506,O=S1(=O)c2ccccc2-c2c1c1ccccc1p2-c1ccccc1
2507,O=P1(c2ccccc2)C2=C(c3ccccc31)S(=O)(=O)c1ccccc12
2508,C[P+]1(c2ccccc2)C2=C(c3ccccc31)S(=O)(=O)c1ccccc12
2594,COc1ccccc1
2598,ClCCCl
2775,C[Si](C)(C)[Si](c1ccc([Si]([Si](C)(C)C)([Si](C)(C)C)[Si](C)(C)C)s1)([Si](C)(C)C)[Si](C)(C)C
2776,C[Si](C)(C)[Si](c1ccc(-c2ccc([Si]([Si](C)(C)C)([Si](C)(C)C)[Si](C)(C)C)s2)s1)([Si](C)(C)C)[Si](C)(C)C
2777,c1csc(-c2cccs2)c1
2778,C[Si](C)(C)[Si](c1ccc(-c2ccc(-c3ccc([Si]([Si](C)(C)C)([Si](C)(C)C)[Si](C)(C)C)s3)s2)s1)([Si](C)(C)C)[Si](C)(C)C
2779,c1csc(-c2ccc(-c3cccs3)s2)c1
2780,C[Si](C)(C)[Si](c1ccc(-c2ccc(-c3ccc(-c4ccc([Si]([Si](C)(C)C)([Si](C)(C)C)[Si](C)(C)C)s4)s3)s2)s1)([Si](C)(C)C)[Si](C)(C)C
2781,c1csc(-c2ccc(-c3ccc(-c4cccs4)s3)s2)c1
2782,C[Si](C)(C)[Si](c1cc2sc([Si]([Si](C)(C)C)([Si](C)(C)C)[Si](C)(C)C)cc2s1)([Si](C)(C)C)[Si](C)(C)C
2783,c1cc2sccc2s1
2784,C[Si](C)(C)[Si](c1cc2sc3cc([Si]([Si](C)(C)C)([Si](C)(C)C)[Si](C)(C)C)sc3c2s1)([Si](C)(C)C)[Si](C)(C)C
2785,c1cc2sc3ccsc3c2s1
2786,Brc1ccccc1
2787,O=C1CCCO1
2793,CN(C)P(=O)(N(C)C)N(C)C
2796,CN(C)C(=O)N(C)C
2842,CC(C)CO
2846,OC1CCCCC1
2847,CCCCCCCO
2849,CC(O)CO
2855,CCCCC
2856,CCC(C)CC
2859,CC(C)CC(C)(C)C
2860,CCCCCCCCC
2862,COCCOC
2865,CC1CCCO1
2870,Cc1ccccc1C
2902,CC(C)OC(C)C
3023,CCCCCCCCCCCCCC
3026,CCCCCCCCCCCO
3088,CC(C)(C)O
3518,O=c1c2ccccc2nc2n1[B-](F)(F)[n+]1ccccc1-2
3521,O=c1c2cc(F)ccc2nc2n1[B-](F)(F)[n+]1ccccc1-2
3524,O=c1c2cc(Cl)ccc2nc2n1[B-](F)(F)[n+]1ccccc1-2
3527,O=c1c2cc(Br)ccc2nc2n1[B-](F)(F)[n+]1ccccc1-2
3530,O=c1c2cc(I)ccc2nc2n1[B-](F)(F)[n+]1ccccc1-2
3734,c1cc(-n2c3ccccc3c3ccccc32)cc(-n2c3ccccc3c3ccccc32)c1
3738,CCCCC(CC)n1c2ccc(-n3c4ccccc4c4ccccc43)cc2c2cc(-n3c4ccccc4c4ccccc43)ccc21
3742,O=S(=O)(c1cccc(-n2c3ccccc3c3ccccc32)c1)c1cccc(-n2c3ccccc3c3ccccc32)c1
3743,O=S(=O)(c1cccc(N2c3ccccc3Sc3ccccc32)c1)c1cccc(N2c3ccccc3Sc3ccccc32)c1
3744,O=S(=O)(c1cccc(N2c3ccccc3Oc3ccccc32)c1)c1cccc(N2c3ccccc3Oc3ccccc32)c1
3745,CC1(C)c2ccccc2N(c2cccc(S(=O)(=O)c3cccc(N4c5ccccc5C(C)(C)c5ccccc54)c3)c2)c2ccccc21
3866,CC(C)(C)c1ccc(/C=C/c2ccc(N(c3ccc(/C=C/c4ccc(C(C)(C)C)cc4)cc3)c3ccc(-c4nc5ccccc5nc4-c4ccc(N(c5ccc(/C=C/c6ccc(C(C)(C)C)cc6)cc5)c5ccc(/C=C/c6ccc(C(C)(C)C)cc6)cc5)cc4)cc3)cc2)cc1
3867,CCCCCCOc1ccc(/C=C/c2ccc(N(c3ccc(/C=C/c4ccc(OCCCCCC)cc4)cc3)c3ccc(-c4nc5ccccc5nc4-c4ccc(N(c5ccc(/C=C/c6ccc(OCCCCCC)cc6)cc5)c5ccc(/C=C/c6ccc(OCCCCCC)cc6)cc5)cc4)cc3)cc2)cc1
3868,C(=C/c1ccc(N(c2ccc(/C=C/c3ccc(N(c4ccccc4)c4ccccc4)cc3)cc2)c2ccc(-c3nc4ccccc4nc3-c3ccc(N(c4ccc(/C=C/c5ccc(N(c6ccccc6)c6ccccc6)cc5)cc4)c4ccc(/C=C/c5ccc(N(c6ccccc6)c6ccccc6)cc5)cc4)cc3)cc2)cc1)\c1ccc(N(c2ccccc2)c2ccccc2)cc1
3869,C(=C/c1ccccn1)\c1ccc(N(c2ccc(/C=C/c3ccccn3)cc2)c2ccc(-c3nc4ccccc4nc3-c3ccc(N(c4ccc(/C=C/c5ccccn5)cc4)c4ccc(/C=C/c5ccccn5)cc4)cc3)cc2)cc1
3875,CC(=O)O[B-]1(OC(C)=O)OC(/C=C/c2ccccc2)=CC(/C=C/c2ccccc2)=[O+]1
3876,CC(=O)O[B-]1(OC(C)=O)OC(/C=C/c2ccc(C)cc2)=CC(/C=C/c2ccc(C)cc2)=[O+]1
3877,COc1ccc(/C=C/C2=CC(/C=C/c3ccc(OC)cc3)=[O+][B-](OC(C)=O)(OC(C)=O)O2)cc1
3878,CC(=O)O[B-]1(OC(C)=O)OC(/C=C/c2cccc3ccccc23)=CC(/C=C/c2cccc3ccccc23)=[O+]1
3879,CC(=O)O[B-]1(OC(C)=O)OC(/C=C/C=C/c2ccccc2)=CC(/C=C/C=C/c2ccccc2)=[O+]1
4127,CN(C)c1ccc2nc(-c3ccc(C(=O)O)cc3)sc2c1
4128,COC(=O)c1ccc(-c2nc3ccc(N(C)C)cc3s2)cc1
4129,CN(C)c1ccc2nc(-c3ccc(C(=O)OC(C)(C)C)cc3)sc2c1
4130,CN(C)C(=O)c1ccc(-c2nc3ccc(N(C)C)cc3s2)cc1
4131,CN(C)c1ccc2nc(-c3ccc(C(=O)Nc4ccccc4)cc3)sc2c1
4132,CN(C)c1ccc2nc(-c3ccc(C(=O)OC[C@H](NC(=O)OC(C)(C)C)C(=O)OCc4ccccc4)cc3)sc2c1
4178,CCCCN(CCCC)c1ccc2nc3c4ccccc4c(=O)c(OC(=C(C(F)(C(F)(F)F)C(F)(F)F)C(F)(C(F)(F)F)C(F)(F)F)C(F)(F)F)c-3oc2c1
4179,CCCCN(CCCC)c1ccc2nc3c4ccccc4c(=O)c(-c4ccccc4)c-3oc2c1
4180,CCCCN(CCCC)c1ccc2nc3c4ccccc4c(=O)c(-c4cccc5ccccc45)c-3oc2c1
4181,CCCCN(CCCC)c1ccc2nc3c4ccccc4c(=O)c(-c4c5ccccc5cc5ccccc45)c-3oc2c1
4563,S=C=S
4568,Clc1ccccc1Cl
4570,CCOC(=O)c1ccccc1
4573,O=C1CCCC1
4629,CN(c1ccccc1)c1c([O-])/c(=[N+](\C)c2ccccc2)c1=O
4630,O=c1c(N(c2ccccc2)c2ccccc2)c([O-])c1=[N+](c1ccccc1)c1ccccc1
4631,O=c1c(N(c2ccccc2)c2ccc3ccccc3c2)c([O-])/c1=[N+](\c1ccccc1)c1ccc2ccccc2c1
4632,Cc1ccc(N(c2ccc(C)cc2)c2c([O-])c(=[N+](c3ccc(C)cc3)c3ccc(C)cc3)c2=O)cc1
4633,COc1ccc(N(c2ccc(C)cc2)c2c([O-])/c(=[N+](\c3ccc(C)cc3)c3ccc(OC)cc3)c2=O)cc1
4693,CC(=O)O
4708,N#Cc1c(F)c(F)c(C#N)c2oc3cc4oc5c(C#N)c(F)c(F)c(C#N)c5oc4cc3oc12
4794,CCC(C)C
4799,CCCCCOCCCCC
4801,CCCOCCC
5000,COC(=O)c1c(C(=O)OC)c2ccc(C)nn2c1C
5001,COC(=O)c1c(C(=O)OC)c2ccc(-c3ccccc3)nn2c1C
5002,CCc1c(C(=O)OC)c(C(=O)OC)c2ccc(-c3ccccc3)nn12
5003,CCOC(=O)c1cc(C)n2nc(-c3ccccc3)ccc12
5004,CCc1ccc2ccc(-c3ccccc3)nn12
5119,CN1CCCC1=O
5126,OCCOc1ccccc1
5142,Nc1ccccc1
5143,c1ccc2ncccc2c1
5145,OCc1ccccc1
5150,O=[N+]([O-])c1ccccc1
5246,CCCCCl
5293,CCCCCCCCCCCCO
5420,CC(C)(C)NC(=O)c1c([Si](C)(C)C)cc2ccc3cccc4ccc1c2c34
5421,CC[Si](C)(C)c1cc2ccc3cccc4ccc(c1C(=O)NC(C)(C)C)c2c34
5422,CC[Si](CC)(CC)c1cc2ccc3cccc4ccc(c1C(=O)NC(C)(C)C)c2c34
5423,CCC[Si](CCC)(CCC)c1cc2ccc3cccc4ccc(c1C(=O)NC(C)(C)C)c2c34
5424,CC(C)(C)N1C(=O)c2c(cc3ccc4cccc5ccc2c3c45)C1O
5425,CCOC(=O)C1(O)c2cc3ccc4cccc5ccc(c2C(=O)N1C(C)(C)C)c3c45
5426,CC(C)(C)n1c(=O)c2cc3ccc4cccc5ccc(c2c1=O)c3c45
5427,CC(C)(C)NC(=O)c1ccc2ccc3cccc4ccc1c2c34
5661,c1ccc(-n2c(-c3ccc(N(c4ccc(-c5ccc(N(c6ccc(-c7nc8c9ccccc9c9ccccc9c8n7-c7ccccc7)cc6)c6ccc(-c7nc8c9ccccc9c9ccccc9c8n7-c7ccccc7)cc6)cc5)cc4)c4ccc(-c5nc6c7ccccc7c7ccccc7c6n5-c5ccccc5)cc4)cc3)nc3c4ccccc4c4ccccc4c32)cc1
5662,Cc1ccc(-n2c(-c3ccc(N(c4ccc(-c5ccc(N(c6ccc(-c7nc8c9ccccc9c9ccccc9c8n7-c7ccc(C)cc7)cc6)c6ccc(-c7nc8c9ccccc9c9ccccc9c8n7-c7ccc(C)cc7)cc6)cc5)cc4)c4ccc(-c5nc6c7ccccc7c7ccccc7c6n5-c5ccc(C)cc5)cc4)cc3)nc3c4ccccc4c4ccccc4c32)cc1
5663,CC(C)(C)c1ccc(-n2c(-c3ccc(N(c4ccc(-c5ccc(N(c6ccc(-c7nc8c9ccccc9c9ccccc9c8n7-c7ccc(C(C)(C)C)cc7)cc6)c6ccc(-c7nc8c9ccccc9c9ccccc9c8n7-c7ccc(C(C)(C)C)cc7)cc6)cc5)cc4)c4ccc(-c5nc6c7ccccc7c7ccccc7c6n5-c5ccc(C(C)(C)C)cc5)cc4)cc3)nc3c4ccccc4c4ccccc4c32)cc1
5664,FC(F)(F)c1ccc(-n2c(-c3ccc(N(c4ccc(-c5ccc(N(c6ccc(-c7nc8c9ccccc9c9ccccc9c8n7-c7ccc(C(F)(F)F)cc7)cc6)c6ccc(-c7nc8c9ccccc9c9ccccc9c8n7-c7ccc(C(F)(F)F)cc7)cc6)cc5)cc4)c4ccc(-c5nc6c7ccccc7c7ccccc7c6n5-c5ccc(C(F)(F)F)cc5)cc4)cc3)nc3c4ccccc4c4ccccc4c32)cc1
5752,CCCC(C)=O
5753,CCC(=O)CC
5814,CNC=O
5861,CCCOC(C)=O
5888,C1CCC2CCCCC2C1
6190,CC(C)(C)c1ccc2c(c1)c1cc(C(C)(C)C)ccc1n2-c1ccc(C#Cc2ccc3c4ccc(C#Cc5ccc(C=O)cc5)cc4n(-c4ccc(C(F)(F)F)cc4)c3c2)cc1
6191,CC(C)(C)c1ccc2c(c1)c1cc(C(C)(C)C)ccc1n2-c1ccc(C#Cc2ccc3c4ccc(C#Cc5ccc(C=C(C#N)C#N)cc5)cc4n(-c4ccc(C(F)(F)F)cc4)c3c2)cc1
6192,CC(C)(C)c1ccc2c(c1)c1cc(C(C)(C)C)ccc1n2-c1ccc(C#Cc2ccc3c4ccc(C#Cc5ccc(/C=C(/C#N)C(=O)O)cc5)cc4n(-c4ccc(C(F)(F)F)cc4)c3c2)cc1
6193,CC(C)(C)c1ccc2c(c1)c1cc(C(C)(C)C)ccc1n2-c1ccc(C#Cc2ccc3c4ccc(C#Cc5ccc(-n6c7ccc(C(C)(C)C)cc7c7cc(C(C)(C)C)ccc76)cc5)cc4n(-c4ccc(C(F)(F)F)cc4)c3c2)cc1
6197,C(=C/c1ccccc1/C=C/c1c2ccccc2cc2ccccc12)\c1ccncc1
6198,C(=C/c1cccc(/C=C/c2c3ccccc3cc3ccccc23)c1)\c1ccncc1
6199,C(=C/c1ccc(/C=C/c2c3ccccc3cc3ccccc23)cc1)\c1ccncc1
6215,N#Cc1cc(-n2c3ccccc3c3ccccc32)nc(-n2c3ccccc3c3ccccc32)n1
6216,N#Cc1nc(-n2c3ccccc3c3ccccc32)cc(-n2c3ccccc3c3ccccc32)n1
6245,N#Cc1c(-n2c3ccccc3c3ccccc32)cc(N2c3ccccc3C(c3ccccc3)(c3ccccc3)c3ccccc32)cc1-n1c2ccccc2c2ccccc21
6246,CC(C)(C)c1ccc2c(c1)c1cc(C(C)(C)C)ccc1n2-c1cc(N2c3ccccc3C(c3ccccc3)(c3ccccc3)c3ccccc32)cc(-n2c3ccc(C(C)(C)C)cc3c3cc(C(C)(C)C)ccc32)c1C#N
6266,Cc1cc(-n2c3ccccc3c3ccccc32)ccc1-c1ccc(S(=O)(=O)c2ccccc2)cc1C
6267,Cc1cc(-n2c3ccccc3c3cc(C#N)ccc32)ccc1-c1ccc(S(=O)(=O)c2ccccc2)cc1C
6268,O=S(=O)(c1ccc(N2c3ccccc3Sc3ccccc32)cc1)c1ccc(-n2c3ccccc3c3ccccc32)cc1
6279,Cc1nn(-c2ccccc2)c2c1c(=O)oc1ccc(-n3c4ccccc4c4ccccc43)cc12
6280,Cc1nn(-c2ccccc2)c2c1c(=O)oc1ccc(-n3c4ccccc4c4cc(-n5c6ccccc6c6ccccc65)ccc43)cc12
6293,O=P(c1ccccc1)(c1ccccc1)c1cccc(-n2c(-c3ccccc3P(=O)(c3ccccc3)c3ccccc3)nc3ccccc32)c1
6294,O=P(c1ccccc1)(c1ccccc1)c1ccc(-n2c(-c3ccccc3P(=O)(c3ccccc3)c3ccccc3)nc3ccccc32)cc1
6295,O=P(c1ccccc1)(c1ccccc1)c1cccc(-c2nc3ccccc3n2-c2cccc(P(=O)(c3ccccc3)c3ccccc3)c2)c1
6296,O=P(c1ccccc1)(c1ccccc1)c1ccc(-n2c(-c3cccc(P(=O)(c4ccccc4)c4ccccc4)c3)nc3ccccc32)cc1
6297,O=P(c1ccccc1)(c1ccccc1)c1ccc(-c2nc3ccccc3n2-c2cccc(P(=O)(c3ccccc3)c3ccccc3)c2)cc1
6298,O=P(c1ccccc1)(c1ccccc1)c1ccc(-c2nc3ccccc3n2-c2ccc(P(=O)(c3ccccc3)c3ccccc3)cc2)cc1
6321,O=P(c1ccccc1)(c1ccccc1)c1cccc(-c2cc(-n3c4ccccc4c4ccccc43)cc(-n3c4ccccc4c4ccccc43)c2)n1
6384,CC(C)(C)c1cc2ccc3c(-c4ccc(N(c5ccccc5)c5ccccc5)cc4)ccc4c5nc6cc(C#N)c(C#N)cc6nc5c(c1)c2c34
6385,Cc1cc(C)c(B(c2c(C)cc(C)cc2C)N2c3ccccc3C(C)(C)c3ccccc32)c(C)c1
6389,Cc1cc(C)c(B(c2c(C)cc(C)cc2C)N2c3ccccc3C(c3ccccc3)(c3ccccc3)c3ccccc32)c(C)c1
6398,C[n+]1ccn(CCCCc2ccc3c(c2)c2ccccc2n3-c2cc(C#N)c(C#N)cc2F)c1
6399,C[n+]1ccn(CCCCc2ccc3c(c2)c2ccccc2n3-c2cc(C#N)c(C#N)cc2-n2c3ccccc3c3cc(CCCCn4cc[n+](C)c4)ccc32)c1
6429,O=P(c1ccccc1)(c1ccccc1)c1ccc(N2c3ccccc3Oc3ccccc32)cc1
6430,O=P(c1ccccc1)(c1ccc(N2c3ccccc3Oc3ccccc32)cc1)c1ccc(N2c3ccccc3Oc3ccccc32)cc1
6431,O=P(c1ccc(N2c3ccccc3Oc3ccccc32)cc1)(c1ccc(N2c3ccccc3Oc3ccccc32)cc1)c1ccc(N2c3ccccc3Oc3ccccc32)cc1
6439,N#Cc1cc2nc3c(nc2cc1C#N)C1c2ccc(N(c4ccccc4)c4ccccc4)cc2C3c2ccc(N(c3ccccc3)c3ccccc3)cc21
6444,N#Cc1nc2c(nc1C#N)C1c3ccc(N(c4ccccc4)c4ccccc4)cc3C2c2ccc(N(c3ccccc3)c3ccccc3)cc21
6448,CC1(C)c2ccccc2N(c2ccc3c(c2)c2ccccc2c2nc4ccccc4nc32)c2ccccc21
6449,CC1(C)c2ccccc2N(c2ccc3c(c2)c2cc(N4c5ccccc5C(C)(C)c5ccccc54)ccc2c2nc4ccccc4nc32)c2ccccc21
6450,CC1(C)c2ccccc2N(c2ccc3nc4c5ccc(N6c7ccccc7C(C)(C)c7ccccc76)cc5c5cc(N6c7ccccc7C(C)(C)c7ccccc76)ccc5c4nc3c2)c2ccccc21
6458,c1ccc2nc(-n3c4ccccc4c4ccccc43)c(-n3c4ccccc4c4ccccc43)nc2c1
6461,CC(C)(C)c1ccc2c(c1)c1cc(C(C)(C)C)ccc1n2-c1nc2ccccc2nc1-n1c2ccc(C(C)(C)C)cc2c2cc(C(C)(C)C)ccc21
6464,COc1ccc2c(c1)c1ccccc1n2-c1nc2ccccc2nc1-n1c2ccccc2c2cc(OC)ccc21
6467,COc1ccc2c(c1)c1cc(OC)ccc1n2-c1nc2ccccc2nc1-n1c2ccc(OC)cc2c2cc(OC)ccc21
6481,c1ccc(-n2c3ccccc3c3cc([Si](c4ccccc4)(c4ccccc4)c4ccc5c(c4)c4ccccc4n5-c4ccccc4)ccc32)cc1
6482,O=S(=O)(c1ccc2c(c1)c1ccccc1n2-c1ccccc1)c1ccc2c(c1)c1ccccc1n2-c1ccccc1
6519,O=C(c1ccc(N2c3ccccc3Oc3ccccc32)cc1)c1ccc2sc3ccccc3c2c1
6520,O=C(c1ccc(N2c3ccccc3Sc3ccccc32)cc1)c1ccc2sc3ccccc3c2c1
6549,O=C(c1ccncc1)c1cc(-n2c3ccccc3c3ccccc32)ccc1-n1c2ccccc2c2ccccc21
6550,CC(C)(C)c1ccc2c(c1)c1cc(C(C)(C)C)ccc1n2-c1ccc(-n2c3ccc(C(C)(C)C)cc3c3cc(C(C)(C)C)ccc32)c(C(=O)c2ccncc2)c1
6566,c1ccc(-n2c3ccccc3c3cc(-c4cccc(-n5c6ccccc6c6ncccc65)c4)ccc32)cc1
6567,c1ccc(-n2c3ccccc3c3cc(-c4cccc(-n5c6cccnc6c6c7sc8ccccc8c7ccc65)c4)ccc32)cc1
6568,c1ccc(-n2c3ccccc3c3cc(-c4cccc(-n5c6ccccc6c6c7sc8ccccc8c7ccc65)c4)ccc32)cc1
6570,CC1(C)c2ccccc2-c2cc3c(cc21)N(c1ccc(-c2nc(-c4ccc(N5c6ccccc6C(c6ccccc6)(c6ccccc6)c6cc7c(cc65)C(C)(C)c5ccccc5-7)cc4)nc(-c4ccc(N5c6ccccc6C(c6ccccc6)(c6ccccc6)c6cc7c(cc65)C(C)(C)c5ccccc5-7)cc4)n2)cc1)c1ccccc1C3(c1ccccc1)c1ccccc1
6581,CC1(C)c2ccccc2N(c2ccc(-c3nnc(-c4ccccc4)o3)cc2)c2ccccc21
6582,CC1(C)c2ccccc2N(c2ccc(-c3nnc(-c4cc(-c5ccccc5)c(-c5ccccc5)c(-c5ccccc5)c4-c4ccccc4)o3)cc2)c2ccccc21
6583,c1ccc(-c2nnc(-c3ccc(N4c5ccccc5Oc5ccccc54)cc3)o2)cc1
6584,c1ccc(-c2cc(-c3nnc(-c4ccc(N5c6ccccc6Oc6ccccc65)cc4)o3)c(-c3ccccc3)c(-c3ccccc3)c2-c2ccccc2)cc1
6585,c1ccc(-n2c(-c3c(-n4c5ccccc5c5ccccc54)cccc3-n3c4ccccc4c4ccccc43)nc3ccccc32)cc1
6590,N#Cc1cccc(-c2cccc(-c3nc(-c4cccc(-c5cccc(C#N)c5)c4)nc(-c4cccc(-c5cccc(C#N)c5)c4)n3)c2)c1
6596,N#Cc1ccc(-n2c(-c3ccc(-c4ccc(-c5nc6c7ccccc7c7ccccc7c6n5-c5ccc(C#N)c6ccccc56)cc4)cc3)nc3c4ccccc4c4ccccc4c32)c2ccccc12
6597,c1ccc2c(-n3c(-c4ccc(-c5ccc(-c6nc7c8ccccc8c8ccccc8c7n6-c6cccc7ccccc67)c6ccccc56)c5ccccc45)nc4c5ccccc5c5ccccc5c43)cccc2c1
6598,N#Cc1ccc(-n2c(-c3ccc(-c4ccc(-c5nc6c7ccccc7c7ccccc7c6n5-c5ccc(C#N)c6ccccc56)c5ccccc45)c4ccccc34)nc3c4ccccc4c4ccccc4c32)c2ccccc12
6599,N#Cc1ccc(-n2c(-c3ccc(-c4ccc(N(c5ccccc5)c5ccccc5)cc4)s3)nc3c4ccccc4c4ccccc4c32)c2ccccc12
6600,N#Cc1ccc(-n2c(-c3ccc(-c4ccc(-n5c6ccccc6c6ccccc65)cc4)s3)nc3c4ccccc4c4ccccc4c32)c2ccccc12
6623,CC1(C)c2cccc(-c3nc(-c4ccccc4)nc(-c4ccccc4)n3)c2Oc2c(N3c4ccccc4Sc4ccccc43)cccc21
6628,CC1(C)c2cccc(-c3nc(-c4ccccc4)nc(-c4ccccc4)n3)c2Oc2c(-n3c4ccccc4c4ccccc43)cccc21
6633,CC(C)(C)c1ccc2c(c1)c1cc(C(C)(C)C)ccc1n2-c1cccc2c1Oc1c(-c3nc(-c4ccccc4)nc(-c4ccccc4)n3)cccc1C2(C)C
6654,O=P(c1ccccc1)(c1ccccc1)n1c2ccccc2c2ccccc21
6655,O=P(c1ccccc1)(c1ccccc1)n1c2ccccc2c2cc(-n3c4ccccc4c4ccccc43)ccc21
6656,O=P(c1ccccc1)(c1ccccc1)n1c2ccccc2c2cc(-n3c4ccccc4c4cc(-n5c6ccccc6c6ccccc65)ccc43)ccc21
6657,O=P(c1ccccc1)(c1ccccc1)n1c2ccccc2c2cc(-n3c4ccccc4c4cc(-n5c6ccccc6c6cc(-n7c8ccccc8c8ccccc87)ccc65)ccc43)ccc21
6658,c1ccc2c(c1)c1ccccc1n2-c1ccc2c(c1)c1ccccc1n2-c1ccc(-n2c3ccccc3c3cc(-n4c5ccccc5c5ccccc54)ccc32)cc1
6681,O=c1c2ccccc2sc2ccc(-n3c4ccccc4c4ccccc43)cc12
6682,O=c1c2cc(-n3c4ccccc4c4ccccc43)ccc2sc2ccc(-n3c4ccccc4c4ccccc43)cc12
6683,O=C1c2ccccc2S(=O)(=O)c2ccc(-n3c4ccccc4c4ccccc43)cc21
6684,O=C1c2cc(-n3c4ccccc4c4ccccc43)ccc2S(=O)(=O)c2ccc(-n3c4ccccc4c4ccccc43)cc21
6709,Cc1ccc(N(c2ccc(C)cc2)c2ccc(-c3ccc(-c4ccc(N(c5ccc(C)cc5)c5ccc(C)cc5)cc4)c4nsnc34)cc2)cc1
6710,Cc1ccc(N(c2ccc(C)cc2)c2ccc(-c3cc4c(cc(-c5ccc(N(c6ccc(C)cc6)c6ccc(C)cc6)cc5)c5nsnc54)c4nsnc34)cc2)cc1
6711,Cc1ccc(N(c2ccc(C)cc2)c2ccc(-c3c4ccccc4c(-c4ccc(N(c5ccc(C)cc5)c5ccc(C)cc5)cc4)c4nsnc34)cc2)cc1
6720,c1ccc(-n2c(-c3ccc(-c4c5ccccc5c(-c5cccc(-n6c7ccccc7c7ccccc76)c5)c5ccccc45)cc3)nc3c4ccccc4c4ccccc4c32)cc1
6721,c1ccc(-n2c(-c3cccc(-c4c5ccccc5c(-c5cccc(-n6c7ccccc7c7ccccc76)c5)c5ccccc45)c3)nc3c4ccccc4c4ccccc4c32)cc1
6730,c1ccc2c(c1)Sc1ccc(-n3c4ccccc4c4ccccc43)cc1S2
6732,c1ccc2c(c1)Sc1ccccc1S2
6735,Fc1c(F)c(-n2c3ccccc3c3ccccc32)c(F)c(F)c1/C=C/c1ccc(C(=C(c2ccccc2)c2ccccc2)c2ccccc2)cc1
6736,Fc1c(F)c(-n2c3ccccc3c3ccccc32)c(F)c(F)c1/C=C/C(=C(c1ccccc1)c1ccccc1)c1ccccc1
6743,N#Cc1cc(C#N)c(-c2ccc(N(c3ccccc3)c3ccccc3)cc2)cc1-c1ccc(N(c2ccccc2)c2ccccc2)cc1
6744,N#Cc1cc(C#N)c(-c2cc(-n3c4ccccc4c4ccccc43)cc(-n3c4ccccc4c4ccccc43)c2)cc1-c1ccc(N(c2ccccc2)c2ccccc2)cc1
6745,N#Cc1cc(C#N)c(-c2cc(-n3c4ccccc4c4ccccc43)cc(-n3c4ccccc4c4ccccc43)c2)cc1-c1cc(-n2c3ccccc3c3ccccc32)cc(-n2c3ccccc3c3ccccc32)c1
6748,c1cc(-n2c3ccccc3c3ccccc32)c(-c2nc3ccccn3n2)c(-n2c3ccccc3c3ccccc32)c1
6749,c1ccc2c(c1)c1ccccc1n2-c1cc(-c2nc3ccccn3n2)cc(-n2c3ccccc3c3ccccc32)c1
6756,Cc1ccc(-c2nnc(-c3ccc4ccc5cccc6ccc3c4c56)o2)cc1
6763,CC(C)(C)c1ccc(-c2nnc(-c3ccc4ccc5cccc6ccc3c4c56)o2)cc1
6770,COc1cc(-c2nnc(-c3ccc4ccc5cccc6ccc3c4c56)o2)cc(OC)c1OC
6778,CC(C)(C)c1ccc(-c2c(-c3ccc(N(c4ccccc4)c4ccccc4)cc3)cc(-c3ccc(N(c4ccccc4)c4ccccc4)cc3)c(-c3ccc(C(C)(C)C)cc3)c2-c2ccc(C(C)(C)C)cc2)cc1
6779,CC(C)(C)c1ccc(-c2c(-c3ccc(-n4c5ccccc5c5ccccc54)cc3)cc(-c3ccc(-n4c5ccccc5c5ccccc54)cc3)c(-c3ccc(C(C)(C)C)cc3)c2-c2ccc(C(C)(C)C)cc2)cc1
6780,CC(C)(C)c1ccc(-c2c(-c3ccc(N(c4ccccc4)c4ccccc4)cc3)c(C#N)c(-c3ccc(N(c4ccccc4)c4ccccc4)cc3)c(-c3ccc(C(C)(C)C)cc3)c2-c2ccc(C(C)(C)C)cc2)cc1
6781,CC(C)(C)c1ccc(-c2c(-c3ccc(-n4c5ccccc5c5ccccc54)cc3)c(C#N)c(-c3ccc(-n4c5ccccc5c5ccccc54)cc3)c(-c3ccc(C(C)(C)C)cc3)c2-c2ccc(C(C)(C)C)cc2)cc1
6782,CC(C)(C)c1ccc(-c2c(-c3cccc(N(c4ccccc4)c4ccccc4)c3)c(C#N)c(-c3cccc(N(c4ccccc4)c4ccccc4)c3)c(-c3ccc(C(C)(C)C)cc3)c2-c2ccc(C(C)(C)C)cc2)cc1
6783,CC(C)(C)c1ccc(-c2c(-c3cccc(-n4c5ccccc5c5ccccc54)c3)c(C#N)c(-c3cccc(-n4c5ccccc5c5ccccc54)c3)c(-c3ccc(C(C)(C)C)cc3)c2-c2ccc(C(C)(C)C)cc2)cc1
6784,CC(C)(C)c1ccc(-c2c(-c3ccc4c5ccccc5n(-c5ccccc5)c4c3)c(C#N)c(-c3ccc4c5ccccc5n(-c5ccccc5)c4c3)c(-c3ccc(C(C)(C)C)cc3)c2-c2ccc(C(C)(C)C)cc2)cc1
6795,c1ccc(-n2c(-c3cccc4ccccc34)nc3c4ccccc4c4ccccc4c32)cc1
6796,c1ccc(-n2c(-c3cccc4ccccc34)nc3c4cccc5ccc6cccc(c6c54)c32)cc1
6809,O=S(=O)(c1ccc(-c2ccc(-n3c4ccccc4c4ccccc43)cc2)cc1)c1ccc(-c2ccc(-n3c4ccccc4c4ccccc43)cc2)cc1
6810,O=S(=O)(c1ccc(-c2ccc3c(c2)c2ccccc2n3-c2ccccc2)cc1)c1ccc(-c2ccc3c(c2)c2ccccc2n3-c2ccccc2)cc1
6829,CC(C)(C)c1ccc(-n2c(-c3ccc(-c4ccc(-c5c(-c6ccccc6)nc6ccccn56)cc4)cc3)nc3c4ccccc4c4ccccc4c32)cc1
6830,Cc1cc(-c2nc3c4ccccc4c4ccccc4c3n2-c2ccc(C(C)(C)C)cc2)ccc1-c1ccc(-c2c(-c3ccccc3)nc3ccccn23)cc1
6831,CC(C)(C)c1ccc(-n2c(-c3ccc(-c4cccc(-c5c(-c6ccccc6)nc6ccccn56)c4)cc3)nc3c4ccccc4c4ccccc4c32)cc1
6918,O=S(=O)(c1ccc(-c2ccc(-c3nc4c5ccccc5c5ccccc5c4n3-c3ccccc3)cc2)cc1)c1ccc(-c2ccc(-c3nc4c5ccccc5c5ccccc5c4n3-c3ccccc3)cc2)cc1
6923,ClC=C(Cl)Cl
6932,c1ccc(-n2c(-c3ccc(-c4ccc(-c5ccc(-c6nc7c8ccccc8c8ccccc8c7n6-c6ccccc6)cc5)cc4)cc3)nc3ccccc32)cc1
6953,c1ccc2c(c1)-c1ccccc1C21c2cc(-c3ccc(-n4c5ccccc5c5ccccc54)cc3)ccc2Sc2ccc(-c3ccc(-n4c5ccccc5c5ccccc54)cc3)cc21
6954,c1ccc(N(c2ccccc2)c2ccc(-c3ccc4c(c3)C3(c5cc(-c6ccc(N(c7ccccc7)c7ccccc7)cc6)ccc5S4)c4ccccc4-c4ccccc43)cc2)cc1
6955,O=S1(=O)c2ccc(-c3ccc(-n4c5ccccc5c5ccccc54)cc3)cc2C2(c3ccccc3-c3ccccc32)c2cc(-c3ccc(-n4c5ccccc5c5ccccc54)cc3)ccc21
6956,O=S1(=O)c2ccc(-c3ccc(N(c4ccccc4)c4ccccc4)cc3)cc2C2(c3ccccc3-c3ccccc32)c2cc(-c3ccc(N(c4ccccc4)c4ccccc4)cc3)ccc21
6962,CC(C)(C)c1ccc(-n2c(-c3ccc(-c4cc(-c5ccccc5)c(-c5ccccc5)c(-c5ccccc5)c4-c4ccccc4)cc3)nc3c4ccccc4c4ccccc4c32)cc1
6963,CC(C)(C)c1ccc(-n2c(-c3ccc(-c4cc(-c5ccccc5)c5c6ccccc6c6ccccc6c5c4-c4ccccc4)cc3)nc3c4ccccc4c4ccccc4c32)cc1
6964,CC(C)(C)c1ccc(-n2c(-c3ccc(-c4cc(-c5ccccc5)c5c(c4-c4ccccc4)-c4cccc6cccc-5c46)cc3)nc3c4ccccc4c4ccccc4c32)cc1
6983,c1ccc2c(c1)oc1nc3oc4ccc(-n5c6ccccc6c6ccccc65)cc4c3cc12
6984,c1ccc2c(c1)oc1nc3oc4ccc(-n5c6ccccc6c6cc(-n7c8ccccc8c8ccccc87)ccc65)cc4c3cc12
6985,CC(C)(C)c1ccc2oc3nc4oc5ccc(-n6c7ccccc7c7ccccc76)cc5c4cc3c2c1
6986,CC(C)(C)c1ccc2oc3nc4oc5ccc(-n6c7ccccc7c7cc(-n8c9ccccc9c9ccccc98)ccc76)cc5c4cc3c2c1
6987,CC(C)(C)c1ccc2oc3nc4oc5ccc(-n6c7ccc(C(C)(C)C)cc7c7cc(C(C)(C)C)ccc76)cc5c4cc3c2c1
6988,CC(C)(C)c1ccc2oc3nc4oc5ccc(N6c7ccccc7Oc7ccccc76)cc5c4cc3c2c1
6989,CC(C)(C)c1ccc2oc3nc4oc5ccc(N6c7ccccc7Sc7ccccc76)cc5c4cc3c2c1
6990,CC(C)(C)c1ccc2oc3nc4oc5ccc(-n6c7ccccc7c(=O)c7ccccc76)cc5c4cc3c2c1
6991,CC(C)(C)c1ccc2oc3nc4oc5ccc(N(c6ccccc6)c6ccccc6)cc5c4cc3c2c1
6992,CC(C)(C)c1ccc2oc3nc4oc5cc(-n6c7ccccc7c7ccccc76)ccc5c4cc3c2c1
6993,CC(C)(C)c1ccc2c(c1)oc1nc3oc4ccc(-n5c6ccccc6c6ccccc65)cc4c3cc12
6994,CC(C)(C)c1cccc2c1oc1nc3oc4ccc(-n5c6ccccc6c6ccccc65)cc4c3cc12
6995,CC(C)(C)c1cccc2c1oc1nc3oc4cc(-n5c6ccccc6c6ccccc65)ccc4c3cc12
6996,FC(F)(F)c1ccc2oc3nc4oc5ccc(-n6c7ccccc7c7ccccc76)cc5c4cc3c2c1
6997,CC(C)(C)c1ccc2c(c1)c1cc(C(C)(C)C)ccc1n2-c1ccc2oc3nc4oc5ccc(C(F)(F)F)cc5c4cc3c2c1
6998,FC(F)(F)c1ccc2oc3nc4oc5ccc(N6c7ccccc7Oc7ccccc76)cc5c4cc3c2c1
6999,FC(F)(F)c1ccc2oc3nc4oc5ccc(N(c6ccccc6)c6ccccc6)cc5c4cc3c2c1
7000,CC(C)(C)c1ccc2c(c1)c1cc(C(C)(C)C)ccc1n2-c1ccc2oc3nc4oc5cc(C(F)(F)F)ccc5c4cc3c2c1
7012,c1ccc2c(c1)c1ccccc1n2-c1ccc(-c2ccc(-n3c4ccccc4c4ccccc43)nc2-n2c3ccccc3c3ccccc32)nn1
7013,c1ccc2c(c1)c1ccccc1n2-c1ccc(-c2ccc(-c3ccc(-n4c5ccccc5c5ccccc54)nc3-n3c4ccccc4c4ccccc43)nn2)c(-n2c3ccccc3c3ccccc32)n1
7087,CCCCC(CC)CN1C(=O)c2cccc3c(C#Cc4ccc(N(c5ccccc5)c5ccccc5)cc4)ccc(c23)C1=O
7093,CCCCC(CC)CN1C(=O)c2cccc3c(C#Cc4ccc(N(c5ccccc5)c5ccc(C#Cc6ccc7c8c(cccc68)C(=O)N(CC(CC)CCCC)C7=O)cc5)cc4)ccc(c23)C1=O
7099,CCCCC(CC)CN1C(=O)c2cccc3c(C#Cc4ccc(N(c5ccc(C#Cc6ccc7c8c(cccc68)C(=O)N(CC(CC)CCCC)C7=O)cc5)c5ccc(C#Cc6ccc7c8c(cccc68)C(=O)N(CC(CC)CCCC)C7=O)cc5)cc4)ccc(c23)C1=O
7106,c1ccc(N(c2ccccc2)c2ccc3ccc4c(N(c5ccccc5)c5ccccc5)ccc5ccc2c3c54)cc1
7107,Cc1ccccc1N(c1ccccc1C)c1ccc2ccc3c(N(c4ccccc4C)c4ccccc4C)ccc4ccc1c2c43
7108,Cc1ccccc1N(c1ccc(C(C)(C)C)cc1)c1ccc2ccc3c(N(c4ccc(C(C)(C)C)cc4)c4ccccc4C)ccc4ccc1c2c43
7109,Cc1ccc(N(c2cc(C(C)(C)C)ccc2C)c2ccc3ccc4c(N(c5ccc(C)cc5C)c5cc(C(C)(C)C)ccc5C)ccc5ccc2c3c54)c(C)c1
7123,c1ccc(C2CCN3COc4c5ccccc5c5c6c7c(c2c3c46)C(c2ccccc2)CCN7CO5)cc1
7160,CCCC(C)C
7246,N#CC1=CC=CC(C#N)=P1(c1ccccc1)c1ccccc1
7247,N#CC1=CC(C=O)=CC(C#N)=P1(c1ccccc1)c1ccccc1
7248,N#CC1=CC(Br)=CC(C#N)=P1(c1ccccc1)c1ccccc1
7249,N#CC1=CC(/C=C/c2ccccc2)=CC(C#N)=P1(c1ccccc1)c1ccccc1
7250,N#CC1=CC(C#Cc2ccccc2)=CC(C#N)=P1(c1ccccc1)c1ccccc1
7251,N#CC1=CC(c2ccccc2)=CC(C#N)=P1(c1ccccc1)c1ccccc1
7429,CN(C)c1ccc(C2=Nc3sc4ccccc4[n+]3[B-](F)(F)O2)cc1
7430,COc1ccc2c(c1)sc1[n+]2[B-](F)(F)OC(c2ccc(N(C)C)cc2)=N1
7431,CN(C)c1ccc(C2=Nc3sc4cc(F)ccc4[n+]3[B-](F)(F)O2)cc1
7432,CN(C)c1ccc(C2=Nc3sc4cc(Cl)ccc4[n+]3[B-](F)(F)O2)cc1
7433,CN(C)c1ccc(C2=Nc3sc4cc(C(F)(F)F)ccc4[n+]3[B-](F)(F)O2)cc1
7434,CN(C)c1ccc(C2=Nc3sc4c(F)c(F)c(F)c(F)c4[n+]3[B-](F)(F)O2)cc1
7534,N#CC(/N=C/c1ccccc1O)=C(C#N)/N=C/c1ccccc1O
7543,CCN(CC)c1ccc(/C=N/c2ccccc2/N=C/c2ccc(N(CC)CC)cc2O)c(O)c1
7545,Oc1ccc2ccccc2c1/C=N/c1ccccc1/N=C/c1c(O)ccc2ccccc12
7547,Oc1ccccc1/C=N/c1ccccc1/N=C/c1ccccc1O
7552,CCN(CC)c1ccc(/C=N/CC/N=C/c2ccc(N(CC)CC)cc2O)c(O)c1
7554,Oc1ccc2ccccc2c1/C=N/CC/N=C/c1c(O)ccc2ccccc12
7556,Oc1ccccc1/C=N/CC/N=C/c1ccccc1O
7560,CCN(CC)c1ccc(/C=N/C2CCCCC2/N=C/c2ccc(N(CC)CC)cc2O)c(O)c1
7562,Oc1ccc2ccccc2c1/C=N/C1CCCCC1/N=C/c1c(O)ccc2ccccc12
7576,CCCCCCCCN1C(=O)c2ccc3c4c(-c5ccc(-n6c7ccccc7c7ccccc76)cc5)cc5c6c(cc(-c7ccc(-n8c9ccccc9c9ccccc98)cc7)c(c7ccc(c2c37)C1=O)c64)C(=O)N(CCCCCCCC)C5=O
7577,CCCCCCCCN1C(=O)c2ccc3c4c(-c5ccc(-n6c7ccccc7c7ccccc76)cc5)cc5c6c(ccc(c7c(-c8ccc(-n9c%10ccccc%10c%10ccccc%109)cc8)cc(c2c37)C1=O)c64)C(=O)N(CCCCCCCC)C5=O
7578,CCCCCCCCN1C(=O)c2ccc3c4c(-c5ccc(N(c6ccccc6)c6ccccc6)cc5)cc5c6c(cc(-c7ccc(N(c8ccccc8)c8ccccc8)cc7)c(c7ccc(c2c37)C1=O)c64)C(=O)N(CCCCCCCC)C5=O
7579,CCCCCCCCN1C(=O)c2ccc3c4c(-c5ccc(N(c6ccccc6)c6ccccc6)cc5)cc5c6c(ccc(c7c(-c8ccc(N(c9ccccc9)c9ccccc9)cc8)cc(c2c37)C1=O)c64)C(=O)N(CCCCCCCC)C5=O
7580,CCCCCCCCN1C(=O)c2ccc3c4c(-c5ccc6c(c5)c5ccccc5n6-c5ccccc5)cc5c6c(cc(-c7ccc8c(c7)c7ccccc7n8-c7ccccc7)c(c7ccc(c2c37)C1=O)c64)C(=O)N(CCCCCCCC)C5=O
7581,CCCCCCCCN1C(=O)c2ccc3c4c(-c5ccc6c(c5)c5ccccc5n6-c5ccccc5)cc5c6c(ccc(c7c(-c8ccc9c(c8)c8ccccc8n9-c8ccccc8)cc(c2c37)C1=O)c64)C(=O)N(CCCCCCCC)C5=O
7582,CCCCCCCCN1C(=O)c2ccc3c4c(-c5ccc6c7ccccc7n(-c7ccccc7)c6c5)cc5c6c(cc(-c7ccc8c9ccccc9n(-c9ccccc9)c8c7)c(c7ccc(c2c37)C1=O)c64)C(=O)N(CCCCCCCC)C5=O
7583,CCCCCCCCN1C(=O)c2ccc3c4c(-c5ccc6c7ccccc7n(-c7ccccc7)c6c5)cc5c6c(ccc(c7c(-c8ccc9c%10ccccc%10n(-c%10ccccc%10)c9c8)cc(c2c37)C1=O)c64)C(=O)N(CCCCCCCC)C5=O
7936,CN(C)c1ccc(C2=Nc3scc[n+]3[B-](F)(F)O2)cc1
7937,Cc1csc2[n+]1[B-](F)(F)OC(c1ccc(N(C)C)cc1)=N2
7938,CCOC(=O)c1csc2[n+]1[B-](F)(F)OC(c1ccc(N(C)C)cc1)=N2
7939,CN(C)c1ccc(C2=Nc3scc(-c4ccccc4)[n+]3[B-](F)(F)O2)cc1
7940,CN(C)c1ccc(C2=Nc3scc(-c4ccc(N(C)C)cc4)[n+]3[B-](F)(F)O2)cc1
7941,CN(C)c1ccc(C2=Nc3scc(-c4ccc(C#N)cc4)[n+]3[B-](F)(F)O2)cc1
7942,CN(C)c1ccc(C2=Nc3scc(-c4ccc([N+](=O)[O-])cc4)[n+]3[B-](F)(F)O2)cc1
8111,C(#Cc1cnc(C#Cc2ccccc2)nc1)c1ccccc1
8112,C[Si](C)(C)C#Cc1ccc(C#Cc2cnc(C#Cc3ccccc3)nc2)cc1
8113,C#Cc1ccc(C#Cc2cnc(C#Cc3ccccc3)nc2)cc1
8120,COc1ccc(N(c2ccc(OC)cc2)c2ccc3ccc4c(B(c5c(C)cc(C)cc5C)c5c(C)cc(C)cc5C)ccc5ccc2c3c54)cc1
8127,COc1ccc(N(c2ccc(OC)cc2)c2cc3ccc4cc(B(c5c(C)cc(C)cc5C)c5c(C)cc(C)cc5C)cc5ccc(c2)c3c45)cc1
8211,O=Cc1ccc2c(c1)c1ccccc1n2-c1cc2ccccc2c2ccccc12
8212,C(#Cc1ccc2c(c1)c1cc(C#Cc3ccccc3)ccc1n2-c1cc2ccccc2c2ccccc12)c1ccccc1
8213,O=Cc1ccc2c(c1)c1ccccc1n2-c1ccc(-c2ccc(-n3c4ccccc4c4cc(C=O)ccc43)cc2)cc1
8214,N#CC(C#N)=Cc1ccc2c(c1)c1ccccc1n2-c1cc2ccccc2c2ccccc12
8215,N#CC(C#N)=Cc1ccc2c(c1)c1ccccc1n2-c1cccc2ccccc12
8216,N#CC(C#N)=Cc1ccc2c(c1)c1cc(C=C(C#N)C#N)ccc1n2-c1cccc2ccccc12
8217,CC(C)(C)c1ccc2c(c1)c1cc(C(C)(C)C)ccc1n2-c1ccc(C#Cc2ccc(C=O)cc2)cc1
8218,CC(C)(C)c1ccc2c(c1)c1cc(C(C)(C)C)ccc1n2-c1ccc(C#Cc2ccc(C=C(C#N)C#N)cc2)cc1
8219,CC(C)(C)c1ccc2c(c1)c1cc(C(C)(C)C)ccc1n2-c1ccc(C#Cc2ccc(C#Cc3ccc(C=C(C#N)C#N)cc3)cc2)cc1
8237,CC(=O)OC(C)=O
8586,O=C1OC(=O)c2ccc(N(c3ccccc3)c3ccc4ccc5cccc6ccc3c4c56)c3cccc1c23
8591,O=C1OC(=O)c2ccc(N(c3ccccc3)c3c4ccccc4cc4ccccc34)c3cccc1c23
8596,O=C1OC(=O)c2ccc(N(c3ccccc3)c3ccc4ccccc4c3)c3cccc1c23
8617,c1ccc2c(-c3ccc(-c4nnc(-c5ccc(-c6nnc(-c7ccc(-c8cccc9ccccc89)s7)o6)cc5)o4)s3)cccc2c1
8618,C=Cc1ccc(-c2ccc(-c3nnc(-c4ccc(-c5nnc(-c6ccc(-c7ccc(C=C)cc7)s6)o5)cc4)o3)s2)cc1
8619,COC(=O)c1ccc(-c2ccc(-c3nnc(-c4ccc(-c5nnc(-c6ccc(-c7ccc(C(=O)OC)cc7)s6)o5)cc4)o3)s2)cc1
8620,c1ccc2sc(-c3ccc(-c4nnc(-c5ccc(-c6nnc(-c7ccc(-c8cc9ccccc9s8)s7)o6)cc5)o4)s3)cc2c1
8621,c1cc2ccc3ccc(-c4ccc(-c5nnc(-c6ccc(-c7nnc(-c8ccc(-c9ccc%10ccc%11cccc%12ccc9c%10c%11%12)s8)o7)cc6)o5)s4)c4ccc(c1)c2c34
8622,CCc1ccc(-c2ccc(-c3nnc(-c4ccc(-c5nnc(-c6ccc(-c7ccc(CC)cc7)s6)o5)cc4)o3)s2)cc1
8635,CC(=O)N(C)C
9104,CCCCCCCCCCCCCCCC
9105,CCCCCCCCCCCCCCCCCl
9259,CCCCn1c2ccccc2c2ccc3c4cc(-c5ccccc5)ccc4n(CCCC)c3c21
9260,CCCCn1c2ccccc2c2ccc3c4cc(-c5ccc6ccccc6c5)ccc4n(CCCC)c3c21
9261,CCCCn1c2ccccc2c2ccc3c4cc(-c5ccc(OC)cc5)ccc4n(CCCC)c3c21
9262,CCCCn1c2ccccc2c2ccc3c4cc(-c5cccc(F)c5)ccc4n(CCCC)c3c21
9263,CCCCn1c2ccccc2c2ccc3c4cc(-c5ccc(C(F)(F)F)cc5)ccc4n(CCCC)c3c21
9264,CCCCn1c2ccc(-c3ccccc3)cc2c2ccc3c4cc(-c5ccccc5)ccc4n(CCCC)c3c21
9265,CCCCn1c2ccc(-c3ccc4ccccc4c3)cc2c2ccc3c4cc(-c5ccc6ccccc6c5)ccc4n(CCCC)c3c21
9266,CCCCn1c2ccc(-c3ccc(OC)cc3)cc2c2ccc3c4cc(-c5ccc(OC)cc5)ccc4n(CCCC)c3c21
9267,CCCCn1c2ccc(-c3cccc(F)c3)cc2c2ccc3c4cc(-c5cccc(F)c5)ccc4n(CCCC)c3c21
9268,CCCCn1c2ccc(-c3ccc(C(F)(F)F)cc3)cc2c2ccc3c4cc(-c5ccc(C(F)(F)F)cc5)ccc4n(CCCC)c3c21
9300,CCN(CC)c1ccc2cc(/C=C/c3cccc[n+]3CCCS(=O)(=O)[O-])c(=O)oc2c1
9728,N#Cc1c(C#N)c2ccccc2c2ccccc12
9729,N#Cc1c(C#N)c2cc(F)ccc2c2ccc(F)cc12
9730,N#Cc1c(C#N)c2cc(Cl)ccc2c2ccc(Cl)cc12
9731,N#Cc1c(C#N)c2cc(Cl)c(Cl)cc2c2cc(Cl)c(Cl)cc12
9732,N#Cc1c(C#N)c2cc(Br)ccc2c2ccc(Br)cc12
9733,Cc1ccc2c(c1)c(C#N)c(C#N)c1cc(C)ccc12
9734,COc1ccc2c(c1)c(C#N)c(C#N)c1cc(OC)ccc12
10035,C=CCOC(=O)C(C#N)=C1C=C(/C=C/c2ccc(N(C)C)cc2)OC(/C=C/c2ccc(N(C)C)cc2)=C1
10325,C1COCCN1
10337,O=CO
10681,CCCCCCN1C(=O)c2cccc3c(-c4ccc(-c5cc(-c6ccccc6)nn5-c5ccccc5)s4)ccc(c23)C1=O
10682,CCCCCCN1C(=O)c2cccc3c(-c4ccc(-c5cc(-c6ccc(C)cc6)nn5-c5ccccc5)s4)ccc(c23)C1=O
10683,CCCCCCN1C(=O)c2cccc3c(-c4ccc(-c5cc(-c6ccc(Cl)cc6)nn5-c5ccccc5)s4)ccc(c23)C1=O
10684,CCCCCCN1C(=O)c2cccc3c(-c4ccc(-c5cc(-c6cccc7ccccc67)nn5-c5ccccc5)s4)ccc(c23)C1=O
10685,CCCCCCN1C(=O)c2cccc3c(-c4ccc(-c5cc(-c6ccccc6)n(-c6ccccc6)n5)s4)ccc(c23)C1=O
10686,CCCCCCN1C(=O)c2cccc3c(-c4ccc(-c5cc(-c6ccc(C)cc6)n(-c6ccccc6)n5)s4)ccc(c23)C1=O
10687,CCCCCCN1C(=O)c2cccc3c(-c4ccc(-c5cc(-c6ccc(Cl)cc6)n(-c6ccccc6)n5)s4)ccc(c23)C1=O
10688,CCCCCCN1C(=O)c2cccc3c(-c4ccc(-c5cc(-c6ccc(OC)cc6)n(-c6ccccc6)n5)s4)ccc(c23)C1=O
11099,COc1cc(OC)cc(-c2ccc(C3=CC(c4ccccc4)=C(c4ccccc4)C3)cc2)c1
11100,COc1cc(OC)cc(C2=CC(c3ccccc3)=C(c3ccccc3)C2)c1
11101,COc1cc(C2=CC(c3ccccc3)=C(c3ccccc3)C2)cc(OC)c1OC
11102,COc1ccc2ccccc2c1C1=CC(c2ccccc2)=C(c2ccccc2)C1
11103,COc1ccc(C2=CC(c3ccccc3)=C(c3ccccc3)C2)c2ccccc12
11496,CCCCCCCCCCCC
11508,CCCCCCC(C)O
11675,CCCCCc1ccc(-c2ccc(C#N)cc2)cc1
11676,CCCCCCc1ccc(-c2ccc(C#N)cc2)cc1
11677,CCCCc1ccc(/N=C/c2ccc(OC)cc2)cc1
11777,F[B-]1(F)n2c(nc(-c3ccccc3)c2-c2ccccc2)-c2cccc[n+]21
11783,F[B-]1(F)n2c(nc3c4ccccc4c4ccccc4c32)-c2cccc[n+]21
11810,CC(C)CCCC(C)CCCC(C)CCCCC(C)CCCC(C)CCCC(C)C
11820,O=C(O)C(F)(F)F
11836,O=c1[nH]c2[n+](c3ccccc13)[B-](F)(F)Oc1ccccc1-2
11837,CC(C)(C)c1cc2c(c(C(C)(C)C)c1)O[B-](F)(F)[n+]1c-2[nH]c(=O)c2ccccc21
11838,F[B-]1(F)Oc2ccccc2-c2nc(-c3ccccc3)c3ccccc3[n+]21
11839,F[B-]1(F)Oc2ccccc2-c2nc(-c3ccccc3)c3cc(Cl)ccc3[n+]21
11840,CC(C)(C)c1cc2c(c(C(C)(C)C)c1)O[B-](F)(F)[n+]1c-2nc(-c2ccccc2)c2ccccc21
11841,CC(C)(C)c1cc2c(c(C(C)(C)C)c1)O[B-](F)(F)[n+]1c-2nc(-c2ccccc2)c2cc(Cl)ccc21
12031,CCCCCCCCCCCCC
12032,CCCCCCCCCCCCCCC
12042,CCCCCCCCCO
12146,C[N+](=O)[O-]
12242,C1=C(c2ccccc2)C(c2ccccc2)C(c2ccccc2)=C1
12243,C1=C(c2ccccc2)C(c2ccccc2)=CC1c1ccccc1
12259,CCC(C)(C)O
12369,CCn1c(-c2ccc(OC)cc2)c(-c2ccc3ccccc3c2)c(-c2ccc3ccccc3c2)c1-c1ccc(OC)cc1
12370,CCn1c(-c2ccc(N(c3ccccc3)c3cccc4ccccc34)cc2)c(-c2ccc3ccccc3c2)c(-c2ccc3ccccc3c2)c1-c1ccc(N(c2ccccc2)c2cccc3ccccc23)cc1
12371,CCn1c(-c2ccc(-c3cccc4ccccc34)cc2)c(-c2ccc3ccccc3c2)c(-c2ccc3ccccc3c2)c1-c1ccc(-c2cccc3ccccc23)cc1
12372,CCn1c(-c2ccc(-c3ccc4ccc5cccc6ccc3c4c56)cc2)c(-c2ccc3ccccc3c2)c(-c2ccc3ccccc3c2)c1-c1ccc(-c2ccc3ccc4cccc5ccc2c3c45)cc1
12373,CCn1c(-c2ccc(-c3ccc4c(c3)C(C)(C)c3ccccc3-4)cc2)c(-c2ccc3ccccc3c2)c(-c2ccc3ccccc3c2)c1-c1ccc(-c2ccc3c(c2)C(C)(C)c2ccccc2-3)cc1
12374,CCn1c(-c2ccc(-c3ccc4c(c3)C(c3ccccc3)(c3ccccc3)c3ccccc3-4)cc2)c(-c2ccc3ccccc3c2)c(-c2ccc3ccccc3c2)c1-c1ccc(-c2ccc3c(c2)C(c2ccccc2)(c2ccccc2)c2ccccc2-3)cc1
12375,CCn1c(-c2ccc(-c3ccc4c(c3)C3(c5ccccc5-c5ccccc53)c3ccccc3-4)cc2)c(-c2ccc3ccccc3c2)c(-c2ccc3ccccc3c2)c1-c1ccc(-c2ccc3c(c2)C2(c4ccccc4-c4ccccc42)c2ccccc2-3)cc1
12493,Cc1c2c(nc3ccccc13)-c1cc3c(cc1CC2)-c1nc2ccccc2c(C)c1CC3
12494,CCCCc1c2c(nc3ccccc13)-c1cc3c(cc1CC2)-c1nc2ccccc2c(CCCC)c1CC3
12495,c1ccc(-c2c3c(nc4ccccc24)-c2cc4c(cc2CC3)-c2nc3ccccc3c(-c3ccccc3)c2CC4)cc1
12496,c1ccc2c(-c3ccncc3)c3c(nc2c1)-c1cc2c(cc1CC3)-c1nc3ccccc3c(-c3ccncc3)c1CC2
12497,CCCCC1(CCCC)c2ccccc2-c2ccc(-c3c4c(nc5ccccc35)-c3cc5c(cc3CC4)-c3nc4ccccc4c(-c4ccc6c(c4)C(CCCC)(CCCC)c4ccccc4-6)c3CC5)cc21
12498,c1ccc2c(-c3ccc(-n4c5ccccc5c5ccccc54)cc3)c3c(nc2c1)-c1cc2c(cc1CC3)-c1nc3ccccc3c(-c3ccc(-n4c5ccccc5c5ccccc54)cc3)c1CC2
12499,COc1ccc(-c2ccc(-c3c4c(nc5ccccc35)-c3cc5c(cc3CC4)-c3nc4ccccc4c(-c4ccc(-c6ccc(OC)cc6)cc4)c3CC5)cc2)cc1
12500,CC(C)(C)c1ccc(-c2ccc(-c3c4c(nc5ccccc35)-c3cc5c(cc3CC4)-c3nc4ccccc4c(-c4ccc(-c6ccc(C(C)(C)C)cc6)cc4)c3CC5)cc2)cc1
12521,F[B-]1(F)OC(c2ccccc2)=C(c2ccccc2)c2oc3ccccc3[n+]21
12522,CCOC(=O)c1ccc(C2=C(c3ccccc3)c3oc4ccccc4[n+]3[B-](F)(F)O2)cc1
12523,CN(C)c1ccc(C2=C(c3ccccc3)c3oc4ccccc4[n+]3[B-](F)(F)O2)cc1
12524,F[B-]1(F)OC(c2ccccc2)=C(c2ccccc2)c2sc3ccccc3[n+]21
12525,CCOC(=O)c1ccc(C2=C(c3ccccc3)c3sc4ccccc4[n+]3[B-](F)(F)O2)cc1
12526,CN(C)c1ccc(C2=C(c3ccccc3)c3sc4ccccc4[n+]3[B-](F)(F)O2)cc1
12553,CCCCC(CC)Cn1c2cc(C#N)ccc2c2ccc(C#Cc3ccc4ccc5cccc6ccc3c4c56)cc21
12554,CCCCC(CC)Cn1c2cc(C#N)ccc2c2ccc(C#Cc3ccc4ccc5c(C#Cc6ccc7c8ccc(C#N)cc8n(CC(CC)CCCC)c7c6)ccc6ccc3c4c65)cc21
12555,CCCCC(CC)Cn1c2cc(C#N)ccc2c2ccc(C#Cc3ccc4ccc5ccc(C#Cc6ccc7c8ccc(C#N)cc8n(CC(CC)CCCC)c7c6)c6ccc3c4c56)cc21
12556,CCCCC(CC)Cn1c2cc(C#N)ccc2c2ccc(C#Cc3ccc4ccc5c(C#Cc6ccc7c8ccc(C#N)cc8n(CC(CC)CCCC)c7c6)cc(C#Cc6ccc7c8ccc(C#N)cc8n(CC(CC)CCCC)c7c6)c6ccc3c4c56)cc21
12557,CCCCC(CC)Cn1c2cc(C#N)ccc2c2ccc(C#Cc3cc(C#Cc4ccc5c6ccc(C#N)cc6n(CC(CC)CCCC)c5c4)c4ccc5c(C#Cc6ccc7c8ccc(C#N)cc8n(CC(CC)CCCC)c7c6)cc(C#Cc6ccc7c8ccc(C#N)cc8n(CC(CC)CCCC)c7c6)c6ccc3c4c65)cc21
12558,CCCCn1c2ccccc2c2cc(C#Cc3ccc4ccc5cccc6ccc3c4c56)ccc21
12559,CCCCn1c2ccccc2c2ccc(C#Cc3ccc4ccc5cccc6ccc3c4c56)cc21
12564,Brc1cc(/C=C/c2ccc(N(c3ccccc3)c3ccccc3)cc2)c(Br)cc1/C=C/c1ccc(N(c2ccccc2)c2ccccc2)cc1
12565,C(=C/c1cc(-c2ccccc2)c(/C=C/c2ccc(N(c3ccccc3)c3ccccc3)cc2)cc1-c1ccccc1)\c1ccc(N(c2ccccc2)c2ccccc2)cc1
12566,Cc1ccc(-c2cc(/C=C/c3ccc(N(c4ccccc4)c4ccccc4)cc3)c(-c3ccc(C)cc3)cc2/C=C/c2ccc(N(c3ccccc3)c3ccccc3)cc2)cc1
12567,C(=C/c1cc(-c2ccc3ccccc3c2)c(/C=C/c2ccc(N(c3ccccc3)c3ccccc3)cc2)cc1-c1ccc2ccccc2c1)\c1ccc(N(c2ccccc2)c2ccccc2)cc1
12587,C(=C/c1ccc(/C=C/c2ccc(N(c3ccccc3)c3ccccc3)cc2)c2nsnc12)\c1ccc(N(c2ccccc2)c2ccccc2)cc1
12594,C(=C/c1ccc(N(c2ccc(/C=C/c3ccc(N(c4ccccc4)c4ccccc4)cc3)cc2)c2ccc(/C=C/c3ccc(/C=C/c4ccc(N(c5ccc(/C=C/c6ccc(N(c7ccccc7)c7ccccc7)cc6)cc5)c5ccc(/C=C/c6ccc(N(c7ccccc7)c7ccccc7)cc6)cc5)cc4)c4nsnc34)cc2)cc1)\c1ccc(N(c2ccccc2)c2ccccc2)cc1
12601,CCCCCCCCN1c2ccccc2Sc2cc(/C=C/c3ccc(N(c4ccc(/C=C/c5ccc6c(c5)Sc5ccccc5N6CCCCCCCC)cc4)c4ccc(/C=C/c5ccc(/C=C/c6ccc(N(c7ccc(/C=C/c8ccc(N(c9ccccc9)c9ccccc9)cc8)cc7)c7ccc(/C=C/c8ccc(N(c9ccccc9)c9ccccc9)cc8)cc7)cc6)c6nsnc56)cc4)cc3)ccc21
12608,CCCCCCCCN1c2ccccc2Sc2cc(/C=C/c3ccc(N(c4ccc(/C=C/c5ccc6c(c5)Sc5ccccc5N6CCCCCCCC)cc4)c4ccc(/C=C/c5ccc(/C=C/c6ccc(N(c7ccc(/C=C/c8ccc9c(c8)Sc8ccccc8N9CCCCCCCC)cc7)c7ccc(/C=C/c8ccc9c(c8)Sc8ccccc8N9CCCCCCCC)cc7)cc6)c6nsnc56)cc4)cc3)ccc21
12816,Cn1c(-c2ccc(-c3ccc(-c4ccc(-c5n(C)c6ccccc6[n+]5C)cc4)cc3)cc2)[n+](C)c2ccccc21
12817,CCn1c(-c2ccc(-c3ccc(-c4ccc(-c5n(CC)c6ccccc6[n+]5CC)cc4)cc3)cc2)[n+](CC)c2ccccc21
12818,CCCCn1c(-c2ccc(-c3ccc(-c4ccc(-c5n(CCCC)c6ccccc6[n+]5CCCC)cc4)cc3)cc2)[n+](CCCC)c2ccccc21
12819,Cc1ccc2c(c1)n(C)c(-c1ccc(-c3ccc(-c4ccc(-c5n(C)c6cc(C)ccc6[n+]5C)cc4)cc3)cc1)[n+]2C
12820,CCn1c(-c2ccc(-c3ccc(-c4ccc(-c5n(CC)c6cc(C)ccc6[n+]5CC)cc4)cc3)cc2)[n+](CC)c2ccc(C)cc21
12821,CCCCn1c(-c2ccc(-c3ccc(-c4ccc(-c5n(CCCC)c6cc(C)ccc6[n+]5CCCC)cc4)cc3)cc2)[n+](CCCC)c2ccc(C)cc21
12822,Cc1cc(-c2ccc(-c3n(C)c4ccccc4[n+]3C)cc2)ccc1-c1ccc(-c2n(C)c3ccccc3[n+]2C)cc1
12823,CCn1c(-c2ccc(-c3ccc(-c4ccc(-c5n(CC)c6ccccc6[n+]5CC)cc4)c(C)c3)cc2)[n+](CC)c2ccccc21
12835,O=C(c1ccc(C(=C(c2ccccc2)c2ccccc2)c2ccccc2)cc1)c1ccc(-n2c3ccccc3c3ccccc32)cc1
12836,O=C(c1ccc(/C(=C(/c2ccccc2)c2ccc(C(=O)c3ccc(-n4c5ccccc5c5ccccc54)cc3)cc2)c2ccccc2)cc1)c1ccc(-n2c3ccccc3c3ccccc32)cc1
12837,O=C(c1ccc(C(=C(c2ccc(C(=O)c3ccc(-n4c5ccccc5c5ccccc54)cc3)cc2)c2ccc(C(=O)c3ccc(-n4c5ccccc5c5ccccc54)cc3)cc2)c2ccccc2)cc1)c1ccc(-n2c3ccccc3c3ccccc32)cc1
12862,CCCCCCC1(CCCCCC)c2cc(-c3nc(-c4ccc5c(c4)C(CCCCCC)(CCCCCC)c4cc(-n6c7ccc(C(C)(C)C)cc7c7cc(C(C)(C)C)ccc76)ccc4-5)nc(-c4ccc5c(c4)C(CCCCCC)(CCCCCC)c4cc(-n6c7ccc(C(C)(C)C)cc7c7cc(C(C)(C)C)ccc76)ccc4-5)n3)ccc2-c2ccc(-n3c4ccc(C(C)(C)C)cc4c4cc(C(C)(C)C)ccc43)cc21
12867,CCCCCCC1(CCCCCC)c2cc(-c3nc(-c4ccc5c(c4)C(CCCCCC)(CCCCCC)c4cc(N6c7ccccc7Oc7ccccc76)ccc4-5)nc(-c4ccc5c(c4)C(CCCCCC)(CCCCCC)c4cc(N6c7ccccc7Oc7ccccc76)ccc4-5)n3)ccc2-c2ccc(N3c4ccccc4Oc4ccccc43)cc21
12872,CCCCCCC1(CCCCCC)c2cc(-c3nc(-c4ccc5c(c4)C(CCCCCC)(CCCCCC)c4cc(N6c7ccccc7Sc7ccccc76)ccc4-5)nc(-c4ccc5c(c4)C(CCCCCC)(CCCCCC)c4cc(N6c7ccccc7Sc7ccccc76)ccc4-5)n3)ccc2-c2ccc(N3c4ccccc4Sc4ccccc43)cc21
12880,C=CC#N
13300,CCCCCCCCC1(CCCCCCCC)c2ccccc2-c2ccc(-c3nnc(-c4ccc(-n5c6ccc(C(C)(C)C)cc6c6cc(C(C)(C)C)ccc65)cc4)o3)cc21
13301,CCCCCCCCC1(CCCCCCCC)c2ccccc2-c2ccc(-c3nnc(-c4cccc(-n5c6ccc(C(C)(C)C)cc6c6cc(C(C)(C)C)ccc65)c4)o3)cc21
13330,CCC(C)=O
13379,CCCCCCc1ccc(-n2c3[n+](c4c5ccccc5c5ccccc5c42)[B-](C)(C)c2ccccc2-3)cc1
13384,CCCCCCc1ccc(-n2c3[n+](c4c5ccccc5c5ccccc5c42)[B-](C)(C)c2ccc4ccccc4c2-3)cc1
13389,CCCCCCc1ccc(-n2c3[n+](c4c5ccccc5c5ccccc5c42)[B-](C)(C)c2cc(-n4c5ccccc5c5ccccc54)ccc2-3)cc1
13394,CCCCCCc1ccc(-n2c3[n+](c4c5ccccc5c5ccccc5c42)[B-](C)(C)c2cc(N(c4ccccc4)c4ccccc4)ccc2-3)cc1
13453,N#Cc1ccc(C=C(c2ccccc2)c2ccccc2)cc1
13454,COc1ccc(C(=Cc2ccc(C#N)cc2)c2ccc(OC)cc2)cc1
13455,CN(C)c1ccc(C(=Cc2ccc(C#N)cc2)c2ccc(N(C)C)cc2)cc1
13456,O=Cc1ccc(C=C(c2ccccc2)c2ccccc2)cc1
13457,COc1ccc(C(=Cc2ccc(C=O)cc2)c2ccc(OC)cc2)cc1
13458,CN(C)c1ccc(C(=Cc2ccc(C=O)cc2)c2ccc(N(C)C)cc2)cc1
13459,N#Cc1ccc(/C=C/c2ccc(C=C(c3ccccc3)c3ccccc3)cc2)cc1
13460,COc1ccc(C(=Cc2ccc(/C=C/c3ccc(C#N)cc3)cc2)c2ccc(OC)cc2)cc1
13461,CN(C)c1ccc(C(=Cc2ccc(/C=C/c3ccc(C#N)cc3)cc2)c2ccc(N(C)C)cc2)cc1
13462,N#C/C(=C\c1ccc(C=C(c2ccccc2)c2ccccc2)cc1)c1ccccc1
13463,COc1ccc(C(=Cc2ccc(/C=C(\C#N)c3ccccc3)cc2)c2ccc(OC)cc2)cc1
13464,CN(C)c1ccc(C(=Cc2ccc(/C=C(\C#N)c3ccccc3)cc2)c2ccc(N(C)C)cc2)cc1
13465,N#C/C(=C\c1ccc(C=C(c2ccccc2)c2ccccc2)cc1)c1ccc([N+](=O)[O-])cc1
13466,COc1ccc(C(=Cc2ccc(/C=C(\C#N)c3ccc([N+](=O)[O-])cc3)cc2)c2ccc(OC)cc2)cc1
13642,CCN1c2ccc(/C=N/Nc3ccccn3)cc2Sc2cc(-c3ccccc3)ccc21
13643,CCN1c2ccc(/C=N/Nc3ccccn3)cc2Sc2cc(-c3ccc(C#N)cc3)ccc21
13644,CCN1c2ccc(/C=N/Nc3ccccn3)cc2Sc2cc(-c3cccc4ccccc34)ccc21
13645,CCN1c2ccc(/C=N/Nc3ccccn3)cc2Sc2cc(-c3ccc(OC)cc3)ccc21
13646,CCN1c2ccc(/C=N/Nc3ccccn3)cc2Sc2cc(/C=N/Nc3ccccn3)ccc21
13713,CCN(CC)c1ccc(/C=N/Nc2ccc(C#N)cc2)c(O)c1
13714,N#Cc1ccc(N/N=C/c2cc([N+](=O)[O-])ccc2O)cc1
13715,N#Cc1ccc(N/N=C/c2cc(Cl)ccc2O)cc1
13716,N#Cc1ccc(N/N=C/c2ccc3ccccc3c2O)cc1
13717,C/C(=N\Nc1ccc(C#N)cc1)c1ccccn1
13718,C/C(=N\Nc1ccc(C#N)cc1)c1cccc(/C(C)=N/Nc2ccc(C#N)cc2)c1
13719,COc1c(/C=N/Nc2ccc(C#N)cc2)ccc2ccccc12
13745,CCN(CC)c1ccc(C(=C(c2ccccc2)c2ccc(B(c3c(C)cc(C)cc3C)c3c(C)cc(C)cc3C)cc2)c2ccc(N(CC)CC)cc2)cc1
13746,CCN(CC)c1ccc(C(=C(c2ccc(B(c3c(C)cc(C)cc3C)c3c(C)cc(C)cc3C)cc2)c2ccc(B(c3c(C)cc(C)cc3C)c3c(C)cc(C)cc3C)cc2)c2ccc(N(CC)CC)cc2)cc1
13783,O=C1c2cc(-n3c4ccccc4c4ccccc43)c(-n3c4ccccc4c4ccccc43)cc2C(=O)N1c1ccccc1
13979,C[Si]1(c2ccccc2)C(c2ccc3c4ccccc4n(-c4ccccc4)c3c2)=C(c2ccccc2)C(c2ccccc2)=C1c1ccc2c3ccccc3n(-c3ccccc3)c2c1
13980,C[Si]1(c2ccccc2)C(c2ccc3c(c2)c2ccccc2n3-c2ccccc2)=C(c2ccccc2)C(c2ccccc2)=C1c1ccc2c(c1)c1ccccc1n2-c1ccccc1
13981,C[Si]1(c2ccccc2)C(c2ccc(-n3c4ccccc4c4ccccc43)cc2)=C(c2ccccc2)C(c2ccccc2)=C1c1ccc(-n2c3ccccc3c3ccccc32)cc1
13995,Cc1ccccc1Oc1ccc2c3c(cccc13)C(=O)N(CCO)C2=O
13996,O=Cc1ccc(Oc2ccc3c4c(cccc24)C(=O)N(CCO)C3=O)cc1
13997,N#Cc1ccc(Oc2ccc3c4c(cccc24)C(=O)N(CCO)C3=O)cc1
13998,CC(=O)OCCN1C(=O)c2cccc3c(Oc4ccccc4C)ccc(c23)C1=O
13999,CC(=O)OCCN1C(=O)c2cccc3c(Oc4ccc(C=O)cc4)ccc(c23)C1=O
14000,CC(=O)OCCN1C(=O)c2cccc3c(Oc4ccc(C#N)cc4)ccc(c23)C1=O
14041,Cc1ccc(-c2cc3ccccc3oc2=O)cc1
14042,COc1ccc2cc(-c3ccc(C)cc3)c(=O)oc2c1
14043,CCOc1ccc2cc(-c3ccc(C)cc3)c(=O)oc2c1
14044,CCCCOc1ccc2cc(-c3ccc(C)cc3)c(=O)oc2c1
14199,CCCCn1c2ccc(/C=C(\C#N)c3ccc([N+](=O)[O-])cc3)cc2c2cc(Cn3c(-c4ccc5c(c4)c4ccccc4n5CCCC)nc4ccccc43)ccc21
14300,CC(C)(C)c1ccc(-c2cc3c4c(c2)CCc2cc(-c5ccc(C(C)(C)C)cc5)cc(c2-4)CC3)cc1
14301,COc1ccc(-c2cc3c4c(c2)CCc2cc(-c5ccc(OC)cc5)cc(c2-4)CC3)cc1
14302,Fc1ccc(-c2cc3c4c(c2)CCc2cc(-c5ccc(F)cc5)cc(c2-4)CC3)cc1
14303,CC(C)(C)c1ccc(-c2cc3ccc4cc(-c5ccc(C(C)(C)C)cc5)cc5ccc(c2)c3c45)cc1
14304,COc1ccc(-c2cc3ccc4cc(-c5ccc(OC)cc5)cc5ccc(c2)c3c45)cc1
14305,Fc1ccc(-c2cc3ccc4cc(-c5ccc(F)cc5)cc5ccc(c2)c3c45)cc1
14319,F[B-]1(F)n2c(-c3ccccc3)cnc2-c2cccc[n+]21
14336,O=C1c2cc(-c3ccccc3)ccc2-c2ccc(-c3ccccc3)cc21
14337,CC(=O)c1ccc(-c2ccc3c(c2)C(=O)c2cc(-c4ccc(C(C)=O)cc4)ccc2-3)cc1
14338,O=Cc1ccc(-c2ccc3c(c2)C(=O)c2cc(-c4ccc(C=O)cc4)ccc2-3)cc1
14339,COC(=O)c1ccc(-c2ccc3c(c2)C(=O)c2cc(-c4ccc(C(=O)OC)cc4)ccc2-3)cc1
14345,C(/C=C/Nc1ccccc1)=[NH+]c1ccccc1
14346,Cc1ccc(N/C=C/C=[NH+]c2ccc(C)cc2)cc1
14347,Brc1ccc(N/C=C/C=[NH+]c2ccc(Br)cc2)cc1
14348,O=[N+]([O-])c1ccc(N/C=C/C=[NH+]c2ccc([N+](=O)[O-])cc2)cc1
14349,C(/C=C/Nc1cccc2ccccc12)=[NH+]c1cccc2ccccc12
14364,C(=C/c1c2ccccc2cc2ccccc12)\c1c2ccccc2cc2ccccc12
14366,C(=C/c1cc2ccccc2c2ccccc12)\c1c2ccccc2cc2ccccc12
14368,C(=C/c1cc2ccccc2c2ccccc12)\c1cc2ccccc2c2ccccc12
14389,CC(C)(C)c1ccc(C2=C(c3ccc(-n4c5ccccc5c5ccccc54)cc3)S(=O)(=O)c3c2sc(-c2ccc(-n4c5ccccc5c5ccccc54)cc2)c3-c2ccc(C(C)(C)C)cc2)cc1
14390,CC(C)(C)c1ccc(C2=C(c3ccc(N(c4ccccc4)c4ccccc4)cc3)S(=O)(=O)c3c2sc(-c2ccc(N(c4ccccc4)c4ccccc4)cc2)c3-c2ccc(C(C)(C)C)cc2)cc1
14391,CC(C)(C)c1ccc(C2=C(c3ccc(-n4c5ccc(C(C)(C)C)cc5c5cc(C(C)(C)C)ccc54)cc3)S(=O)(=O)c3c2sc(-c2ccc(-n4c5ccc(C(C)(C)C)cc5c5cc(C(C)(C)C)ccc54)cc2)c3-c2ccc(C(C)(C)C)cc2)cc1
14392,CC(C)(C)c1ccc(C2=C(c3ccc(N4c5ccccc5C(C)(C)c5ccccc54)cc3)S(=O)(=O)c3c2sc(-c2ccc(N4c5ccccc5C(C)(C)c5ccccc54)cc2)c3-c2ccc(C(C)(C)C)cc2)cc1
14423,Cc1cc(C)c(B(c2ccc3c(c2)c2cc(B(c4c(C)cc(C)cc4C)c4c(C)cc(C)cc4C)ccc2n3-c2ccc(C(=C(c3ccccc3)c3ccccc3)c3ccccc3)cc2)c2c(C)cc(C)cc2C)c(C)c1
14493,O=P1(c2ccccc2)C(c2cccs2)=C(c2cccs2)c2ccccc21
14494,O=P1(c2ccccc2)C(c2ccsc2)=C(c2ccsc2)c2ccccc21
14495,Cc1cc(C2=C(c3cc(C)sc3C)P(=O)(c3ccccc3)c3ccccc32)c(C)s1
14496,O=S1(=O)C(c2cccs2)=C(c2cccs2)c2ccccc21
14497,O=S1(=O)C(c2ccsc2)=C(c2ccsc2)c2ccccc21
14498,Cc1cc(C2=C(c3cc(C)sc3C)S(=O)(=O)c3ccccc32)c(C)s1
14524,CN(C)c1ccc(-c2cccc3nsnc23)cc1
14525,c1cc(-c2ccc(-n3c4ccccc4c4ccccc43)cc2)c2nsnc2c1
14526,C(#Cc1cccc2nsnc12)c1ccc(-n2c3ccccc3c3ccccc32)cc1
14540,CCC1(CC)c2cc(-c3ccc(N(c4ccc(-c5ccc6c(c5)C(CC)(CC)c5cc(N7c8ccccc8C(C)(C)c8ccccc87)ccc5-6)cc4)c4ccc(-c5ccc6c(c5)C(CC)(CC)c5cc(N7c8ccccc8C(C)(C)c8ccccc87)ccc5-6)cc4)cc3)ccc2-c2ccc(N3c4ccccc4C(C)(C)c4ccccc43)cc21
14735,c1ccc(-c2nc(-c3ccc(-c4cncc5ccccc45)cc3)[nH]c2-c2ccccc2)cc1
14736,COc1ccc(-n2c(-c3ccc(-c4cncc5ccccc45)cc3)nc(-c3ccccc3)c2-c2ccccc2)cc1
14737,c1ccc2c(-c3ccc(-c4nc5c6ccccc6c6ccccc6c5[nH]4)cc3)cncc2c1
14738,COc1ccc(-n2c(-c3ccc(-c4cncc5ccccc45)cc3)nc3c4ccccc4c4ccccc4c32)cc1
14745,O=P(c1ccccc1)(c1ccccc1)c1ccc(-c2cccc(-n3c4ccccc4c4ccccc43)c2)cc1
14746,O=P(c1ccccc1)(c1ccccc1)c1ccc(-c2ccc3c4ccccc4n(-c4ccccc4)c3c2)cc1
14747,O=P(c1ccccc1)(c1ccccc1)c1ccc(-c2ccc3c(c2)c2ccccc2n3-c2ccccc2)cc1
14792,c1ccc(-c2c3ccccc3c(-c3ccc(-c4cccnc4)cc3)c3ccccc23)cc1
14793,c1cncc(-c2ccc(-c3c4ccccc4c(-c4ccc(-c5cccnc5)cc4)c4ccccc34)cc2)c1
14794,c1cncc(-c2ccc(-c3c4ccccc4c(-c4ccc(-c5cccnc5)cc4)c4cc(-c5cccnc5)ccc34)cc2)c1
14795,c1cncc(-c2ccc(-c3c4ccc(-c5cccnc5)cc4c(-c4ccc(-c5cccnc5)cc4)c4ccc(-c5cccnc5)cc34)cc2)c1
14840,c1ccc(-c2nc3ccccc3nc2-c2cc(-c3nc4ccccc4nc3-c3ccccc3)cc(-n3c4ccccc4c4ccccc43)c2)cc1
14841,CC(C)(C)c1ccc(-c2nc3ccccc3nc2-c2cc(-c3nc4ccccc4nc3-c3ccc(C(C)(C)C)cc3)cc(-n3c4ccccc4c4ccccc43)c2)cc1
14842,c1ccc(-c2nc3ccccc3nc2-c2cc(-n3c4ccccc4c4ccccc43)cc(-n3c4ccccc4c4ccccc43)c2)cc1
14843,c1ccc(-c2nc3ccccc3nc2-c2ccc(-n3c4ccccc4c4ccccc43)cc2)cc1
14894,C(=C/c1c2ccccc2cc2ccccc12)\c1ccc(Oc2ccc3ccccc3c2-c2c(Oc3ccc(/C=C/c4c5ccccc5cc5ccccc45)cc3)ccc3ccccc23)cc1
14895,C(=C/c1ccc(-c2ccccc2)cc1)\c1ccc(Oc2ccc3ccccc3c2-c2c(Oc3ccc(/C=C/c4ccc(-c5ccccc5)cc4)cc3)ccc3ccccc23)cc1
14896,C(=C/c1cccc2ccccc12)\c1ccc(Oc2ccc3ccccc3c2-c2c(Oc3ccc(/C=C/c4cccc5ccccc45)cc3)ccc3ccccc23)cc1
15070,c1ccc(-n2c(-c3ccc(-c4ccc5c(c4)C4(c6ccccc6-c6ccccc64)c4cc(-c6ccc(-c7nc8ccccc8n7-c7ccccc7)cc6)c6ccccc6c4-5)cc3)nc3ccccc32)cc1
15071,c1ccc(-n2c(-c3ccc(-c4ccc5c(c4)C4(c6ccccc6-5)c5ccccc5-c5ccc(-c6ccc(-c7nc8ccccc8n7-c7ccccc7)cc6)c6cccc4c56)cc3)nc3ccccc32)cc1
15086,F[B-]1(F)OC(c2ccccc2)=Nc2sc(-c3ccccc3)n[n+]21
15088,COc1ccc(C2=Nc3sc(-c4ccccc4)n[n+]3[B-](F)(F)O2)cc1
15091,COc1ccc(-c2n[n+]3c(s2)N=C(c2ccccc2)O[B-]3(F)F)cc1
15210,O=S1(=O)c2ccc(-c3ccc4c(c3)c3ccccc3n4-c3ccccc3)cc2C2(c3cc(-c4ccc5c(c4)c4ccccc4n5-c4ccccc4)ccc31)c1cc(-c3ccc4c(c3)c3ccccc3n4-c3ccccc3)ccc1S(=O)(=O)c1ccc(-c3ccc4c(c3)c3ccccc3n4-c3ccccc3)cc12
15239,O=C1c2cc(-c3ccc(N(c4ccccc4)c4ccccc4)cc3)ccc2-c2ccc(-c3ccc(N(c4ccccc4)c4ccccc4)cc3)cc21
15240,N#Cc1ccc(-c2ccc3c(c2)C(=O)c2cc(-c4ccc(N(c5ccccc5)c5ccccc5)cc4)ccc2-3)cc1
15241,CCOc1c(Nc2ccccc2-c2nc3ccccc3s2)c(=O)c1=O
15242,O=c1c(Cl)c(Nc2ccccc2-c2nc3ccccc3s2)c1=O
15243,O=C1C(Cl)=C(Nc2ccccc2-c2nc3ccccc3s2)C1(Cl)Cl
15380,c1ccc(N2N=C(c3cccc4ccccc34)CC2c2ccc3ccc4cccc5ccc2c3c45)cc1
15381,c1ccc(N2N=C(c3c4ccccc4cc4ccccc34)CC2c2ccc3ccc4cccc5ccc2c3c45)cc1
15382,c1ccc(N2N=C(c3ccc4ccc5cccc6ccc3c4c56)CC2c2ccc3ccc4cccc5ccc2c3c45)cc1
15411,c1ccc(-n2nc(-c3ccc(N4c5ccccc5Sc5ccccc54)cc3)nc2-c2ccccn2)cc1
15412,c1ccc(-n2nc(-c3ccc(N4c5ccccc5Oc5ccccc54)cc3)nc2-c2ccccn2)cc1
15413,CC1(C)c2ccccc2N(c2ccc(-c3nc(-c4ccccn4)n(-c4ccccc4)n3)cc2)c2ccccc21
15414,c1ccc(-c2nc(-c3ccc(N4c5ccccc5Sc5ccccc54)cc3)nn2-c2ccc(N3c4ccccc4Sc4ccccc43)cc2)nc1
15415,c1ccc(-c2nc(-c3ccc(N4c5ccccc5Oc5ccccc54)cc3)nn2-c2ccc(N3c4ccccc4Oc4ccccc43)cc2)nc1
15416,CC1(C)c2ccccc2N(c2ccc(-c3nc(-c4ccccn4)n(-c4ccc(N5c6ccccc6C(C)(C)c6ccccc65)cc4)n3)cc2)c2ccccc21
15418,c1ccc(-c2cc(-c3ccc4c(c3)C3(c5ccccc5-c5ccccc53)c3cc(-c5cc(-c6ccccn6)nc(-c6ccccn6)c5)ccc3-4)cc(-c3ccccn3)n2)nc1
15424,O=P(c1ccccc1)(c1ccccc1)c1ccc2oc3ccc(P(=O)(c4ccccc4)c4ccccc4)cc3c2c1
15431,Cc1ccc2c(c1)C(c1ccccc1)(c1ccccc1)c1cc(C)ccc1N2c1ccc2c(c1)Sc1ccccc1B2c1c(C(C)C)cc(C(C)C)cc1C(C)C
15434,Cc1ccc2c(c1)C(c1ccccc1)(c1ccccc1)c1cc(C)ccc1N2c1ccc2c(c1)Oc1ccccc1B2c1c(C(C)C)cc(C(C)C)cc1C(C)C
15437,Cc1ccc2c(c1)C(c1ccccc1)(c1ccccc1)c1cc(C)ccc1N2c1ccc2c(c1)N(c1ccccc1)c1ccccc1B2c1c(C(C)C)cc(C(C)C)cc1C(C)C
15440,Cc1ccc2c(c1)C(c1ccccc1)(c1ccccc1)c1cc(C)ccc1N2c1cc(C(C)C)c(B2c3ccccc3Sc3ccccc32)c(C(C)C)c1
15442,O=C(c1ccc(-n2c3ccc(-c4ccccc4)cc3c3cc(-c4ccccc4)ccc32)cc1)c1ccc(-n2c3ccc(-c4ccccc4)cc3c3cc(-c4ccccc4)ccc32)cc1
15458,N#Cc1ccc2c(c1)c1ccccc1n2-c1cccc(-n2c3ccccc3c3ccccc32)c1
15473,O=c1c2ccc(-c3ccc(N(c4ccccc4)c4ccccc4)cc3)cc2sc2cccc(-c3ccc(N(c4ccccc4)c4ccccc4)cc3)c12
15474,O=c1c2ccc(-c3ccc(N(c4ccccc4)c4ccccc4)cc3)cc2sc2cc(-c3ccc(N(c4ccccc4)c4ccccc4)cc3)ccc12
15475,O=C1c2ccc(-c3ccc(N(c4ccccc4)c4ccccc4)cc3)cc2S(=O)(=O)c2cccc(-c3ccc(N(c4ccccc4)c4ccccc4)cc3)c21
15476,O=C1c2ccc(-c3ccc(N(c4ccccc4)c4ccccc4)cc3)cc2S(=O)(=O)c2cc(-c3ccc(N(c4ccccc4)c4ccccc4)cc3)ccc21
15503,CC(C)[Si](C#Cc1ccc(C#C[Si](C(C)C)(C(C)C)C(C)C)c2nc3c(nc12)C1c2ccccc2C3c2ccccc21)(C(C)C)C(C)C
15504,CC(C)[Si](C#Cc1c2ccccc2c(C#C[Si](C(C)C)(C(C)C)C(C)C)c2nc3c(nc12)C1c2ccccc2C3c2ccccc21)(C(C)C)C(C)C
15505,CC(C)[Si](C#Cc1c2cc3ccccc3cc2c(C#C[Si](C(C)C)(C(C)C)C(C)C)c2nc3c(nc12)C1c2ccccc2C3c2ccccc21)(C(C)C)C(C)C
15506,CC(C)[Si](C#Cc1c2nc3c(nc2c(C#C[Si](C(C)C)(C(C)C)C(C)C)c2nc4ccccc4nc12)C1c2ccccc2C3c2ccccc21)(C(C)C)C(C)C
15507,CC(C)[Si](C#Cc1c2nsnc2c(C#C[Si](C(C)C)(C(C)C)C(C)C)c2nc3c(nc12)C1c2ccccc2C3c2ccccc21)(C(C)C)C(C)C
15508,CC(C)[Si](C#Cc1c2nc3c(nc2c(C#C[Si](C(C)C)(C(C)C)C(C)C)c2nc4c(nc12)C1c2ccccc2C4c2ccccc21)C1c2ccccc2C3c2ccccc21)(C(C)C)C(C)C
15543,CCC1(CC)c2cc(-c3ccc(-c4ccccc4)cc3-c3ccccc3)ccc2-c2nc3c(nc21)-c1ccc(-c2ccc(-c4ccccc4)cc2-c2ccccc2)cc1C3(CC)CC
15544,CCC1(CC)c2cc(-c3ccc(-c4ccccc4)cc3-c3ccccc3)ccc2-c2cc3c(cc21)-c1ccc(-c2ccc(-c4ccccc4)cc2-c2ccccc2)cc1C3(CC)CC
15552,c1ccc(-c2c3ccccc3c(-c3ccc4ccccc4c3)c3ccccc23)nc1
15553,c1ccc2cc(-c3c4ccccc4c(-c4nccc5ccccc45)c4ccccc34)ccc2c1
15554,c1cc(-c2c3ccccc3c(-c3ccc4ccccc4c3)c3ccccc23)cc(-n2c3ccccc3c3ccccc32)c1
15555,c1ccc2cc(-c3c4ccccc4c(-c4ccc(-n5c6ccccc6c6ccccc65)cc4)c4ccccc34)ccc2c1
15556,c1ccc2c(-c3c4ccccc4c(-c4ccc(-n5c6ccccc6c6ccccc65)cc4)c4ccccc34)cccc2c1
15557,c1ccc2cc(-c3c4ccccc4c(-c4ccc(-c5ccc(-n6c7ccccc7c7ccccc76)cc5)cc4)c4ccccc34)ccc2c1
15558,c1ccc2c(-c3c4ccccc4c(-c4ccc(-c5ccc(-n6c7ccccc7c7ccccc76)cc5)cc4)c4ccccc34)cccc2c1
15560,Cc1cc(-c2c3ccccc3c(-c3ccc4ccccc4c3)c3ccccc23)c(C)cc1-c1ccc(N(c2ccccc2)c2ccccc2)cc1
15600,CCCCCCCCCCOC(=O)c1ccc2c3ccc(C(=O)OCCCCCCCCCC)c4c(C(=O)OCCCCCCCCCC)cc5[nH]c6cc(C(=O)OCCCCCCCCCC)c1c2c6c5c43
15601,CCCCCCCCC1(CCCCCCCC)c2cc(-c3ccc(C(F)(F)F)cc3)ccc2-c2ccc(N(c3ccc(-n4c5ccccc5c5ccccc54)cc3)c3ccc4c(c3)C(CCCCCCCC)(CCCCCCCC)c3cc(-c5ccc(C(F)(F)F)cc5)ccc3-4)cc21
15667,CCC1(CC)c2ccccc2-c2ccc(C#Cc3ccc4ccc5cccc6ccc3c4c56)cc21
15668,CCCCC1(CCCC)c2cc(C#Cc3ccc4ccc5cccc6ccc3c4c56)ccc2-c2ccc(C#Cc3ccc4ccc5cccc6ccc3c4c56)cc21
15669,CCCCC1(CCCC)c2cc(C#Cc3ccc4ccc5cccc6ccc3c4c56)ccc2-c2ccc(N(c3ccccc3)c3ccccc3)cc21
15670,CCC1(CC)c2ccccc2-c2ccc(C#Cc3cc(C#Cc4ccc5c(c4)C(CC)(CC)c4ccccc4-5)c4ccc5c(C#Cc6ccc7c(c6)C(CC)(CC)c6ccccc6-7)cc(C#Cc6ccc7c(c6)C(CC)(CC)c6ccccc6-7)c6ccc3c4c65)cc21
15671,CCCCCC(CC)C1(C(CC)CCCCC)c2ccccc2-c2ccc(C#Cc3cc(C#Cc4ccc5c(c4)C(C(CC)CCCCC)(C(CC)CCCCC)c4ccccc4-5)c4ccc5c(C#Cc6ccc7c(c6)C(C(CC)CCCCC)(C(CC)CCCCC)c6ccccc6-7)cc(C#Cc6ccc7c(c6)C(C(CC)CCCCC)(C(CC)CCCCC)c6ccccc6-7)c6ccc3c4c65)cc21
15672,CCC1(CC)c2cc(C#Cc3cc(C#Cc4ccc5c(c4)C(CC)(CC)c4cc(N(c6ccccc6)c6ccccc6)ccc4-5)c4ccc5c(C#Cc6ccc7c(c6)C(CC)(CC)c6cc(N(c8ccccc8)c8ccccc8)ccc6-7)cc(C#Cc6ccc7c(c6)C(CC)(CC)c6cc(N(c8ccccc8)c8ccccc8)ccc6-7)c6ccc3c4c65)ccc2-c2ccc(N(c3ccccc3)c3ccccc3)cc21
15702,Cc1ccccc1-c1cccc(Oc2cc3c4c(c2)Oc2cc(-c5ccccc5C)ccc2B4c2ccc(-c4ccccc4C)cc2O3)c1
15783,CC(C)(C)c1ccc(-n2c3ccc([Si](c4ccccc4)(c4ccccc4)c4ccccc4)cc3c3cc([Si](c4ccccc4)(c4ccccc4)c4ccccc4)ccc32)cc1
15789,Cc1cc(-n2c3ccccc3c3ccccc32)ccc1-c1ccc(-n2c3ccccc3c3ccccc32)cc1C
15790,CC1(C)c2ccccc2N(c2cccc(N3c4ccccc4C(C)(C)c4ccccc43)c2)c2ccccc21
15791,O=P(c1ccccc1)(c1ccccc1)c1ccc([Si](c2ccccc2)(c2ccccc2)c2ccccc2)cc1
15804,Cc1cc(C)c(B(c2c(C)cc(C)cc2C)c2c(C)cccc2-n2c3ccccc3c3ccccc32)c(C)c1
15805,Cc1cc(C)c(B(c2c(C)cc(C)cc2C)c2c(C)cccc2-n2c3ccc(C(C)(C)C)cc3c3cc(C(C)(C)C)ccc32)c(C)c1
15814,FC(F)(F)c1c(-n2c3ccccc3c3ccccc32)c(-n2c3ccccc3c3ccccc32)cc(-n2c3ccccc3c3ccccc32)c1-n1c2ccccc2c2ccccc21
15815,FC(F)(F)c1c(-n2c3ccccc3c3ccccc32)c(-n2c3ccccc3c3ccccc32)c(-n2c3ccccc3c3ccccc32)c(-n2c3ccccc3c3ccccc32)c1-n1c2ccccc2c2ccccc21
15832,c1ccc(-c2nc(-c3ccccc3)nc(-c3cc(-n4c5ccccc5c5ccccc54)cc(-n4c5ccccc5c5ccccc54)c3)n2)cc1
15833,c1ccc(-c2nc(-c3ccccc3)nc(-c3cc(-n4c5ccccc5c5ccccc54)c(-n4c5ccccc5c5ccccc54)c(-n4c5ccccc5c5ccccc54)c3)n2)cc1
15834,Cc1ccc2c(c1)c1cc(C)ccc1n2-c1cc(-c2nc(-c3ccccc3)nc(-c3ccccc3)n2)cc(-n2c3ccc(C)cc3c3cc(C)ccc32)c1-n1c2ccc(C)cc2c2cc(C)ccc21
15835,Cc1ccc2c(c1)c1cc(C)ccc1n2-c1c(-n2c3ccccc3c3ccccc32)cc(-c2nc(-c3ccccc3)nc(-c3ccccc3)n2)cc1-n1c2ccccc2c2ccccc21
15847,CC(C)(C)c1ccc2c(c1)c1cc(C(C)(C)C)ccc1n2-c1ccccc1-c1nc(-c2ccccc2P(=O)(c2ccccc2)c2ccccc2)nc(-c2ccccc2P(=O)(c2ccccc2)c2ccccc2)n1
15848,CC(C)(C)c1ccc2c(c1)c1cc(C(C)(C)C)ccc1n2-c1cccc(-c2nc(-c3cccc(P(=O)(c4ccccc4)c4ccccc4)c3)nc(-c3cccc(P(=O)(c4ccccc4)c4ccccc4)c3)n2)c1
15849,CC(C)(C)c1ccc2c(c1)c1cc(C(C)(C)C)ccc1n2-c1ccc(-c2nc(-c3ccc(P(=O)(c4ccccc4)c4ccccc4)cc3)nc(-c3ccc(P(=O)(c4ccccc4)c4ccccc4)cc3)n2)cc1
15850,CC(C)(C)c1ccc2c(c1)c1cc(C(C)(C)C)ccc1n2-c1ccccc1-c1nc(-c2ccccc2-n2c3ccc(C(C)(C)C)cc3c3cc(C(C)(C)C)ccc32)nc(-c2ccccc2P(=O)(c2ccccc2)c2ccccc2)n1
15851,CC(C)(C)c1ccc2c(c1)c1cc(C(C)(C)C)ccc1n2-c1cccc(-c2nc(-c3cccc(-n4c5ccc(C(C)(C)C)cc5c5cc(C(C)(C)C)ccc54)c3)nc(-c3cccc(P(=O)(c4ccccc4)c4ccccc4)c3)n2)c1
15852,CC(C)(C)c1ccc2c(c1)c1cc(C(C)(C)C)ccc1n2-c1ccc(-c2nc(-c3ccc(-n4c5ccc(C(C)(C)C)cc5c5cc(C(C)(C)C)ccc54)cc3)nc(-c3ccc(P(=O)(c4ccccc4)c4ccccc4)cc3)n2)cc1
15922,Cc1c(-c2ccc(N3c4ccccc4C(C)(C)c4ccccc43)cc2)ncnc1-c1ccc(N2c3ccccc3C(C)(C)c3ccccc32)cc1
15923,Cc1cc(N2c3ccccc3C(C)(C)c3ccccc32)ccc1-c1cc(-c2ccc(N3c4ccccc4C(C)(C)c4ccccc43)cc2C)ncn1
15924,Cc1cc(N2c3ccccc3C(C)(C)c3ccccc32)ccc1-c1ncnc(-c2ccc(N3c4ccccc4C(C)(C)c4ccccc43)cc2C)c1C
15935,O=C(c1ccc(N2c3ccccc3Oc3ccccc32)cc1)c1cccc(C(=O)c2ccc(N3c4ccccc4Oc4ccccc43)cc2)c1
15937,CC(C)(C)c1ccc2c(c1)c1cc(C(C)(C)C)ccc1n2-c1ccc(S(=O)(=O)c2ccc(S(=O)(=O)c3ccc(-n4c5ccc(C(C)(C)C)cc5c5cc(C(C)(C)C)ccc54)cc3)cc2)cc1
15939,CC(C)(C)c1ccc2c(c1)c1cc(C(C)(C)C)ccc1n2-c1ccc(S(=O)(=O)c2cccc(S(=O)(=O)c3ccc(-n4c5ccc(C(C)(C)C)cc5c5cc(C(C)(C)C)ccc54)cc3)c2)cc1
15948,c1ccc(-c2nc(-c3ccccc3)nc(-c3ccc(N4c5ccccc5C5(c6ccccc64)c4ccccc4N(c4ccc(-c6nc(-c7ccccc7)nc(-c7ccccc7)n6)cc4)c4ccccc45)cc3)n2)cc1
15949,c1ccc(-c2cc(-c3ccc(N4c5ccccc5C5(c6ccccc64)c4ccccc4N(c4ccc(-c6cc(-c7ccccc7)nc(-c7ccccc7)n6)cc4)c4ccccc45)cc3)nc(-c3ccccc3)n2)cc1
15950,N#Cc1cccc(C#N)c1-c1ccc(N2c3ccccc3C3(c4ccccc42)c2ccccc2N(c2ccc(-c4c(C#N)cccc4C#N)cc2)c2ccccc23)cc1
15951,O=S1(=O)c2ccccc2Oc2cc(N3c4ccccc4C4(c5ccccc53)c3ccccc3N(c3ccc5c(c3)Oc3ccccc3S5(=O)=O)c3ccccc34)ccc21
15998,CC1(C)c2ccccc2N(c2ccc3c(c2)C2(c4cc(N5c6ccccc6C(C)(C)c6ccccc65)ccc4-3)c3ccccc3S(=O)(=O)c3ccccc32)c2ccccc21
15999,c1ccc2c(c1)c1ccccc1n2-c1ccc(N(c2ccc(-n3c4ccccc4c4ccccc43)cc2)c2ccc(-n3c4ccccc4c4ccccc43)cc2)cc1
16033,CC(C)c1cc(C(C)C)c(-c2ccc(-n3c4ccccc4n4c5ccccc5nc34)nc2)c(C(C)C)c1
16041,O=P(c1ccccc1)(c1ccccc1)c1ccc2sc3cccc(P(=O)(c4ccccc4)c4ccccc4)c3c2c1
16160,N#Cc1c(N2c3ccccc3C(c3ccccc3)(c3ccccc3)c3ccccc32)cccc1N1c2ccccc2C(c2ccccc2)(c2ccccc2)c2ccccc21
16161,N#Cc1ccccc1N1c2ccccc2C(c2ccccc2)(c2ccccc2)c2ccccc21
16162,N#Cc1cccc(N2c3ccccc3C(c3ccccc3)(c3ccccc3)c3ccccc32)c1
16163,N#Cc1ccc(N2c3ccccc3C(c3ccccc3)(c3ccccc3)c3ccccc32)cc1
16164,Cc1cc(C#N)ccc1N1c2ccccc2C(c2ccccc2)(c2ccccc2)c2ccccc21
16211,C[Si](C)(C)C
16215,C=CCCCC
16216,C#CCCCC
16223,C1=CCCCC1
16224,C1CC[C@H]2CCCC[C@H]2C1
16225,c1ccc2c(c1)CCCC2
16226,C=Cc1ccccc1
16228,BrCBr
16229,ICI
16231,[2H]C(Cl)(Cl)Cl
16232,BrC(Br)Br
16234,FC(Cl)(Cl)Cl
16235,ClC(Cl)(Cl)Br
16236,CBr
16237,CC(Cl)Cl
16239,BrCCBr
16240,CC(Cl)(Cl)Cl
16241,ClCC(Cl)Cl
16242,FC(F)(F)C(Cl)(Cl)Cl
16243,FC(F)(Cl)C(F)(Cl)Cl
16244,ClC(Cl)C(Cl)Cl
16245,ClC(Cl)C(Cl)(Cl)Cl
16246,C=C(Cl)Cl
16247,Cl/C=C/Cl
16248,Cl/C=C\Cl
16250,ClC(Cl)=C(Cl)Cl
16252,FC(F)(F)CCCl
16253,ClCCCCl
16254,CC(C)(Cl)Cl
16255,FC(F)(F)C(F)(Cl)C(F)(F)Cl
16256,CC(Br)CBr
16257,ClCC(Cl)CCl
16258,ClC(Cl)=C(Cl)C(Cl)(Cl)Cl
16259,ClCCCCCl
16260,FC1(F)C(F)(F)C(F)(Cl)C1(F)Cl
16261,ClC(Cl)=C(Cl)C(Cl)=C(Cl)Cl
16262,ClC1=C(Cl)C(Cl)(Cl)C(Cl)=C1Cl
16263,ClC1CCCCC1
16264,ClCCCCCCCCCCCl
16267,FC(F)(F)c1ccccc1
16269,Cc1cc(C)cc(C)c1
16270,Cc1ccc(C)c(C)c1C
16271,C#Cc1ccccc1
16272,c1ccc(C2CCCCC2)cc1
16273,Cc1cccc2ccccc12
16274,Fc1ccccc1
16275,Fc1ccccc1F
16276,Fc1cccc(F)c1
16277,Fc1ccc(F)cc1
16278,Fc1cc(F)cc(F)c1
16279,Fc1cc(F)c(F)c(F)c1F
16280,Fc1c(F)c(F)c(F)c(F)c1F
16283,Clc1cccc(Cl)c1
16284,Clc1ccc(Cl)c(Cl)c1
16286,Brc1ccccc1Br
16287,Brc1cccc(Br)c1
16288,Cc1cc(Br)ccc1Br
16289,Ic1ccccc1
16290,Clc1cccc2ccccc12
16291,Ic1cccc2ccccc12
16293,Cc1ccccn1
16294,Cc1ccncc1
16295,Cc1ccncc1C
16296,Cc1cccc(C)n1
16297,CC(C)(C)c1cccc(C(C)(C)C)n1
16298,Cc1cc(C)nc(C)c1
16299,Fc1ccccn1
16300,Clc1ccccn1
16301,Brc1cccnc1
16302,Fc1cccc(F)n1
16303,Fc1nc(F)c(F)c(F)c1F
16304,N#Cc1ccccn1
16309,CC(O)c1ccccc1
16310,OCCc1ccccc1
16311,COCCO
16312,CCOCCO
16313,CCCCOCCO
16314,OCCS
16315,NCCO
16316,N#CCCO
16317,OCCCl
16319,OCC(Cl)(Cl)Cl
16321,OCC(F)(F)C(F)F
16322,OCCCc1ccccc1
16323,C=CCO
16324,C#CCO
16327,COCC(C)O
16328,CC(O)CN
16330,CCC(N)CO
16331,CCC(C)O
16335,CCCC(C)O
16336,CCC(O)CC
16337,CCC(C)CO
16338,CC(C)CCO
16340,CC(C)C(C)O
16343,CCC(O)(CC)CC
16344,CC(C)C(O)C(C)C
16347,CCC(O)(C(C)C)C(C)C
16351,OC1CCCC1
16353,OCc1ccco1
16354,OCC1CCCO1
16357,OCCCO
16359,CCC(O)CO
16360,CC(O)CCO
16361,OCCCCO
16362,CC(O)C(C)O
16363,OCCCCCO
16365,OCCOCCOCCO
16366,OCCOCCOCCOCCO
16367,OCCSCCO
16368,OCCN(CCO)CCO
16370,Cc1ccccc1O
16371,Cc1cccc(O)c1
16372,Cc1ccc(O)cc1
16373,CCc1ccccc1O
16374,CCc1cccc(O)c1
16375,CCc1ccc(O)cc1
16376,CC(C)c1ccccc1O
16377,CC(C)(C)c1ccccc1O
16378,CC(C)(C)c1ccc(O)cc1
16379,Cc1cccc(O)c1C
16380,Cc1ccc(O)c(C)c1
16381,Cc1ccc(O)cc1C
16382,Cc1cc(C)cc(O)c1
16383,Cc1ccc(C(C)C)cc1O
16384,Cc1ccc(C(C)C)c(O)c1
16385,Cc1ccc(O)c(C(C)(C)C)c1
16386,CC(C)(C)c1ccc(O)c(C(C)(C)C)c1
16387,CC(C)(C)c1cccc(C(C)(C)C)c1O
16388,Cc1cc(C)c(C)c(O)c1
16389,Cc1ccc(C)c(O)c1C
16390,Cc1cc(C(C)(C)C)c(O)c(C(C)(C)C)c1
16391,Oc1ccc(F)cc1
16392,Oc1ccccc1Cl
16393,Oc1ccc(Cl)cc1
16394,Oc1ccc(Br)cc1
16395,Oc1c(Cl)cccc1Cl
16396,Cc1cc(O)ccc1Cl
16397,COc1ccc(O)cc1
16398,COc1cccc(OC)c1O
16399,COc1cc(O)cc(OC)c1
16400,CC(=O)Oc1cccc(O)c1
16401,COC(=O)c1ccccc1O
16402,O=C(Oc1ccccc1)c1ccccc1O
16403,Nc1ccccc1O
16404,Nc1cccc(O)c1
16405,O=[N+]([O-])c1ccccc1O
16406,N#Cc1ccc(O)cc1
16408,ClCCOCCCl
16409,C=COCC
16413,COC(C)(C)C
16414,CCC(C)(C)OC
16415,COCOC
16416,CCOCOCC
16418,COCCOCCOC
16419,CCOCCOCCOCC
16420,COCCOCCOCCOC
16421,CC1CO1
16422,ClCC1CO1
16423,c1ccoc1
16426,CC1CCC(C)O1
16427,c1ccsc1
16428,C1CCSC1
16429,C1COCO1
16430,CC1OCCO1
16431,C1CCOCC1
16432,CC1CCCOC1
16433,CC(=O)C1(C)COCOC1
16436,CSc1ccccc1
16437,CCOc1ccccc1
16438,COc1ccccc1OC
16439,c1ccc(COCc2ccccc2)cc1
16440,c1ccc(Oc2ccccc2)cc1
16442,CC(=O)C(Cl)(Cl)Cl
16446,CC(=O)C(C)C
16447,CCCCC(C)=O
16448,CC(=O)CC(C)C
16450,CCCC(=O)CCC
16451,CC(C)C(=O)C(C)C
16452,CCCCC(=O)CCCC
16453,CC(C)CC(=O)CC(C)C
16456,CC(=O)c1ccccc1
16457,CC(=O)CC(C)=O
16460,CCC(=O)O
16462,COC=O
16463,CCOC=O
16465,COC(=O)C(Cl)(Cl)Cl
16467,CCOC(=O)CCl
16468,CCOC(=O)C(Cl)(Cl)Cl
16469,C=COC(C)=O
16472,C=CC(=O)OC
16473,C=C(C)C(=O)OC
16475,COC(=O)OC
16476,CCOC(=O)OCC
16477,O=C1OCCO1
16479,CC(=O)OCC(COC(C)=O)OC(C)=O
16481,COC(=O)c1ccccc1C(=O)OC
16482,CCCCOC(=O)c1ccccc1C(=O)OCCCC
16483,CCOC(=O)CC(C)=O
16484,CCOC(=O)[C@H](C)O
16488,CN(C)C=S
16489,CN(C=O)c1ccccc1
16490,CNC(C)=O
16492,CCN(CC)C(C)=O
16494,CN1CCCC1=S
16495,CCN1CCCC1=O
16496,O=C1NCCC1C1CCCCC1
16497,O=C1CCCCCN1CO
16498,CN(C)C#N
16499,CCN(C#N)CC
16500,CC(C)N(C#N)C(C)C
16501,N#CN1CCCC1
16502,N#CN1CCCCC1
16503,N#CN1CCOCC1
16505,CN(C)C(=N)N(C)C
16506,CN1CCN(C)C1=O
16507,CN1CCCN(C)C1=O
16509,N#CC(Cl)(Cl)Cl
16511,COCCC#N
16514,N#CCc1ccccc1
16517,CC[N+](=O)[O-]
16518,O=[N+]([O-])C1CCCCC1
16520,CC(C)(C)N
16521,NCCN
16522,CCNCC
16524,CCCCN(CCCC)CCCC
16525,C1CCNC1
16526,C1CCNCC1
16529,CNc1ccccc1
16530,CN(C)c1ccccc1
16531,COP(=O)(OC)OC
16532,CCOP(=O)(OCC)OCC
16533,CCCOP(=O)(OCCC)OCCC
16534,CCCCOP(=O)(OCCCC)OCCCC
16536,CCN(CC)P(=O)(N(CC)CC)N(CC)CC
16537,CCP(C)(=O)N(C)C
16540,CSCS(C)=O
16541,O=S1(=O)CCCC1
16542,CC1CCS(=O)(=O)C1
16543,CCN(CC)S(=O)(=O)N(CC)CC
16546,CCCCN1C(=O)c2ccc3c4ccc5c6c(cc(Br)c(c7ccc(c2c37)C1=O)c64)C(=O)N(CCCC)C5=O
16548,CCCCN1C(=O)c2ccc3c4ccc5c6c(cc(-c7ccc(C(=C(c8ccccc8)c8ccccc8)c8ccccc8)cc7)c(c7ccc(c2c37)C1=O)c64)C(=O)N(CCCC)C5=O
16549,CCCCN1C(=O)c2ccc3c4c(-c5ccc(C(=C(c6ccccc6)c6ccccc6)c6ccccc6)cc5)cc5c6c(ccc(c7c(-c8ccc(C(=C(c9ccccc9)c9ccccc9)c9ccccc9)cc8)cc(c2c37)C1=O)c64)C(=O)N(CCCC)C5=O
16550,O=C1c2ccc3c4c(-c5ccc(C(=C(c6ccccc6)c6ccccc6)c6ccccc6)cc5)cc5c6c(ccc(c7c(-c8ccc(C(=C(c9ccccc9)c9ccccc9)c9ccccc9)cc8)cc(c2c37)C(=O)N1C1CCCCC1)c64)C(=O)N(C1CCCCC1)C5=O
16551,O=C1c2ccc3c4c(-c5ccc(C(=C(c6ccccc6)c6ccccc6)c6ccccc6)cc5)cc5c6c(cc(-c7ccc(C(=C(c8ccccc8)c8ccccc8)c8ccccc8)cc7)c(c7ccc(c2c37)C(=O)N1C1CCCCC1)c64)C(=O)N(C1CCCCC1)C5=O
16552,O=C1c2ccc3c4c(Oc5ccc(C(=C(c6ccccc6)c6ccccc6)c6ccccc6)cc5)cc5c6c(ccc(c7c(Oc8ccc(C(=C(c9ccccc9)c9ccccc9)c9ccccc9)cc8)cc(c2c37)C(=O)N1C1CCCCC1)c64)C(=O)N(C1CCCCC1)C5=O
16553,CC1(C)C(/C=C/c2ccc(-c3ccc(C(=C(c4ccccc4)c4ccccc4)c4ccccc4)cc3)cc2)=[N+](CCCCS(=O)(=O)[O-])c2ccccc21
16554,CCCCCCOc1ccc(C(=C(c2ccccc2)c2ccc(/C=C/c3sc4ccccc4[n+]3CCCCS(=O)(=O)[O-])cc2)c2ccc(OCCCCCC)cc2)cc1
16555,CCCCCCCCCCCCOc1ccc(C(=C(c2ccccc2)c2ccc(/C=C/c3sc4ccccc4[n+]3CCCCS(=O)(=O)[O-])cc2)c2ccc(OCCCCCCCCCCCC)cc2)cc1
16556,O=S(=O)([O-])CCCC[n+]1c(/C=C/c2ccc(C(=C(c3ccccc3)c3ccccc3)c3ccccc3)cc2)sc2ccccc21
16557,CC1=C(c2ccc(C(=C(c3ccccc3)c3ccccc3)c3ccccc3)cc2)C(C)=[N+]2C1=C(c1ccc(-c3ccc(C(=C(c4ccccc4)c4ccccc4)c4ccccc4)cc3)cc1)c1c(C)c(-c3ccc(C(=C(c4ccccc4)c4ccccc4)c4ccccc4)cc3)c(C)n1[B-]2(F)F
16558,F[B-]1(F)n2cccc2C(c2ccc(/C=C/c3ccc(C(=C(c4ccccc4)c4ccccc4)c4ccccc4)cc3)cc2)=C2C=CC=[N+]21
16559,F[B-]1(F)n2cccc2C(c2ccc(C#Cc3ccc(C(=C(c4ccccc4)c4ccccc4)c4ccccc4)cc3)cc2)=C2C=CC=[N+]21
16560,COC(=O)C1=C2C(C)=CC(/C=C/C(=C(c3ccccc3)c3ccccc3)c3ccccc3)=[N+]2[B-](F)(F)n2c(/C=C/C(=C(c3ccccc3)c3ccccc3)c3ccccc3)cc(C)c21
16561,COC(=O)C1=C2C=CC(C(=C(c3ccccc3)c3ccccc3)c3ccccc3)=[N+]2[B-](F)(F)n2c1ccc2C(=C(c1ccccc1)c1ccccc1)c1ccccc1
16562,COC(=O)C1=C2C(C)=C(C(=C(c3ccccc3)c3ccccc3)c3ccccc3)C(C)=[N+]2[B-](F)(F)n2c(C)c(C(=C(c3ccccc3)c3ccccc3)c3ccccc3)c(C)c21
16563,CCCCCCCCN1C(=O)C2=C(c3ccc(Br)cc3)N(CCCCCCCC)C(=O)C2=C1c1ccc(Br)cc1
16564,CCCCCCCCN1C(=O)C2=C(c3ccc(C(=C(c4ccccc4)c4ccccc4)c4ccccc4)cc3)N(CCCCCCCC)C(=O)C2=C1c1ccc(C(=C(c2ccccc2)c2ccccc2)c2ccccc2)cc1
16565,CCCCCCCCN1C(=O)C2=C(c3ccc(-c4ccc(C(=C(c5ccccc5)c5ccccc5)c5ccccc5)cc4)cc3)N(CCCCCCCC)C(=O)C2=C1c1ccc(-c2ccc(C(=C(c3ccccc3)c3ccccc3)c3ccccc3)cc2)cc1
16566,CCCCCCCCN1C(=O)C2=C(c3ccc(-c4ccc(C(=C(c5ccccc5)c5ccccc5)c5ccc(N(C)C)cc5)cc4)cc3)N(CCCCCCCC)C(=O)C2=C1c1ccc(-c2ccc(C(=C(c3ccccc3)c3ccccc3)c3ccc(N(C)C)cc3)cc2)cc1
16567,CCCCN1C(=O)C2=C(c3ccc(-c4ccc(N(c5ccc(OC)cc5)c5ccc(OC)cc5)cc4)cc3)N(CCCC)C(=O)C2=C1c1ccc(Br)cc1
16568,CCCCN1C(=O)C2=C(c3ccc(-c4ccc(C=O)s4)cc3)N(CCCC)C(=O)C2=C1c1ccc(-c2ccc(N(c3ccc(OC)cc3)c3ccc(OC)cc3)cc2)cc1
16569,CCCCN1C(=O)C2=C(c3ccc(-c4ccc(N(c5ccc(OC)cc5)c5ccc(OC)cc5)cc4)cc3)N(CCCC)C(=O)C2=C1c1ccc(-c2ccc(N(c3ccc(OC)cc3)c3ccc(OC)cc3)cc2)cc1
16570,CCCCCCCCN1C(=O)C2=C(c3ccc(C=C4c5ccccc5C(=O)c5ccccc54)cc3)N(CCCCCCCC)C(=O)C2=C1c1ccc(C=C2c3ccccc3C(=O)c3ccccc32)cc1
16571,CCCCN1C(=O)C2=C(c3ccc(C=C4c5ccccc5C(=O)c5ccccc54)cc3)N(CCCC)C(=O)C2=C1c1ccc(C=C2c3ccccc3C(=O)c3ccccc32)cc1
16572,O=C1c2ccccc2C(=Cc2ccc(C3=C4C(=O)N(Cc5ccccc5)C(c5ccc(C=C6c7ccccc7C(=O)c7ccccc76)cc5)=C4C(=O)N3Cc3ccccc3)cc2)c2ccccc21
16573,CCN(CC)CCCCCCN1C(=O)C2=C(c3ccc(C=C4c5ccccc5C(=O)c5ccccc54)cc3)N(CCCCCCN(CC)CC)C(=O)C2=C1c1ccc(C=C2c3ccccc3C(=O)c3ccccc32)cc1
16574,N#CC(C#N)=C1C=C(/C=C/c2ccc(N(c3ccccc3)c3ccc(-c4ccc(C(=C(c5ccccc5)c5ccccc5)c5ccccc5)cc4)cc3)cc2)OC(/C=C/c2ccc(N(c3ccccc3)c3ccc(-c4ccc(C(=C(c5ccccc5)c5ccccc5)c5ccccc5)cc4)cc3)cc2)=C1
16575,CCN1C(/C=C/c2ccc(N(C)C)cc2)=CC(=C(C#N)C#N)c2ccccc21
16576,CCN1C(/C=C/c2ccc(C)s2)=CC(=C(C#N)C#N)c2ccccc21
16577,CCN1C(/C=C/c2ccc(-c3ccc(N(c4ccccc4)c4ccccc4)cc3)s2)=CC(=C(C#N)C#N)c2ccccc21
16578,CCN1C(/C=C/c2ccc(-c3ccc(N(c4ccc(OC)cc4)c4ccc(OC)cc4)cc3)s2)=CC(=C(C#N)C#N)c2ccccc21
16579,CCN1C(/C=C/c2sc(-c3ccc(N(c4ccccc4)c4ccccc4)cc3)c3c2OCCO3)=CC(=C(C#N)C#N)c2ccccc21
16580,CCN1C(/C=C/c2sc(-c3ccc(N(c4ccc(OC)cc4)c4ccc(OC)cc4)cc3)c3c2OCCO3)=CC(=C(C#N)C#N)c2ccccc21
16581,CCOc1ccc(N(c2ccc(OCC)cc2)c2ccc(-c3sc(/C=C/C4=CC(=C(C#N)C#N)c5ccccc5N4CC)c4c3OCCO4)cc2)cc1
16582,N#C/C(=C(/C#N)c1ccc(-c2ccc(C(=C(c3ccccc3)c3ccccc3)c3ccccc3)cc2)cc1)c1ccc(-c2ccc(C(=C(c3ccccc3)c3ccccc3)c3ccccc3)cc2)cc1
16583,CCN(CC)c1ccc(C(=C(c2ccccc2)c2ccc(-c3ccc(/C(C#N)=C(\C#N)c4ccc(-c5ccc(C(=C(c6ccc(N(CC)CC)cc6)c6ccc(N(CC)CC)cc6)c6ccccc6)cc5)cc4)cc3)cc2)c2ccc(N(CC)CC)cc2)cc1
16584,CN(C)c1ccc(-c2ccc(/C(C#N)=C(\C#N)c3ccc(Br)cc3)cc2)cc1
16585,N#C/C(=C(/C#N)c1ccc(-n2c3ccccc3c3ccccc32)cc1)c1ccc(-n2c3ccccc3c3ccccc32)cc1
16586,CCCCCCCCCCCCOc1cc(/C=C/c2ccc(C(=C(C#N)C#N)C(=C(C#N)C#N)c3ccc(N(C)C)cc3)cc2)c(OCCCCCCCCCCCC)cc1/C=C/c1ccc(C(=C(C#N)C#N)C(=C(C#N)C#N)c2ccc(N(C)C)cc2)cc1
16587,CCCCN1c2ccccc2/C(=C(/C#N)c2cc(C(F)(F)F)cc(C(F)(F)F)c2)c2cc3c(cc21)/C(=C(\C#N)c1cc(C(F)(F)F)cc(C(F)(F)F)c1)c1ccccc1N3CCCC
16588,CCCCCCN1c2ccccc2/C(=C(/C#N)c2cc(C(F)(F)F)cc(C(F)(F)F)c2)c2cc3c(cc21)/C(=C(\C#N)c1cc(C(F)(F)F)cc(C(F)(F)F)c1)c1ccccc1N3CCCCCC
16589,CCCCCCCCN1c2ccccc2/C(=C(/C#N)c2cc(C(F)(F)F)cc(C(F)(F)F)c2)c2cc3c(cc21)/C(=C(\C#N)c1cc(C(F)(F)F)cc(C(F)(F)F)c1)c1ccccc1N3CCCCCCCC
16590,CCCCC(CC)Cc1ccc(-c2c3cc(/C=C(\C#N)c4ccc(OC)cc4)sc3c(-c3ccc(CC(CC)CCCC)s3)c3cc(/C=C(\C#N)c4ccc(OC)cc4)sc23)s1
16591,CCCCC(CC)Cc1ccc(-c2c3cc(/C=C(\C#N)c4ccccc4)sc3c(-c3ccc(CC(CC)CCCC)s3)c3cc(/C=C(\C#N)c4ccccc4)sc23)s1
16592,CCCCC(CC)Cc1ccc(-c2c3cc(/C=C(\C#N)c4ccc(C(F)(F)F)cc4)sc3c(-c3ccc(CC(CC)CCCC)s3)c3cc(/C=C(\C#N)c4ccc(C(F)(F)F)cc4)sc23)s1
16593,CCCCC(CC)Cc1ccc(-c2c3cc(/C=C(\C#N)c4ccc(N)cc4)sc3c(-c3ccc(CC(CC)CCCC)s3)c3cc(/C=C(\C#N)c4ccc(N)cc4)sc23)s1
16594,CCCCCCN(CCCCCC)C1=C(C#N)c2c(c(-c3ccc(C=C(C#N)C#N)s3)c3c(c2-c2ccc(C=C(C#N)C#N)s2)CC(N(CCCCCC)CCCCCC)=C3C#N)C1
16595,N#CC(C#N)=Cc1ccc(C(=C(c2ccccc2)c2ccccc2)c2ccccc2)cc1
16596,COc1ccc(/C(=C(\c2ccccc2)c2ccc(C=C(C#N)C#N)cc2)c2ccccc2)cc1
16597,COc1ccc(C(=C(c2ccccc2)c2ccc(C=C(C#N)C#N)cc2)c2ccc(OC)cc2)cc1
16598,COc1ccc(C(=C(c2ccc(OC)cc2)c2ccc(OC)cc2)c2ccc(C=C(C#N)C#N)cc2)cc1
16599,COc1ccc(C(=C(c2ccccc2)c2cccc(C=C(C#N)C#N)c2)c2ccc(OC)cc2)cc1
16600,N#C/C(=C(/C#N)c1ccc(N(c2ccccc2)c2cccc3ccccc23)cc1)c1ccc(N(c2ccccc2)c2cccc3ccccc23)cc1
16601,N#C/C(=C(/C#N)c1ccc2c(c1)C1(c3ccccc3-c3ccccc31)c1cc(N(c3ccccc3)c3ccccc3)ccc1-2)c1ccc2c(c1)C1(c3ccccc3-c3ccccc31)c1cc(N(c3ccccc3)c3ccccc3)ccc1-2
16602,N#C/C(=C(/C#N)c1ccc2c(c1)C1(c3ccccc3-c3ccccc31)c1cc(N(c3ccccc3F)c3ccccc3F)ccc1-2)c1ccc2c(c1)C1(c3ccccc3-c3ccccc31)c1cc(N(c3ccccc3F)c3ccccc3F)ccc1-2
16603,N#C/C(=C(/C#N)c1ccc(N(c2ccccc2)c2ccccc2)cc1)c1ccc(N(c2ccccc2)c2ccccc2)cc1
16604,N#C/C(=C(/C#N)c1ccc(N(c2ccccc2)c2ccc(C(=C(c3ccccc3)c3ccccc3)c3ccccc3)cc2)cc1)c1ccc(N(c2ccccc2)c2ccc(C(=C(c3ccccc3)c3ccccc3)c3ccccc3)cc2)cc1
16605,N#C/C(=C\c1ccc(N(c2ccccc2)c2ccccc2)cc1)c1ccccc1
16606,N#C/C(=C\c1ccc(N(c2ccccc2)c2ccccc2)cc1)c1ccc([N+](=O)[O-])cc1
16607,N#C/C(=C\c1ccc(N(c2ccc(/C=C/c3ccc(N(c4ccccc4)c4ccccc4)cc3)cc2)c2ccc(/C=C/c3ccc(N(c4ccccc4)c4ccccc4)cc3)cc2)cc1)c1ccccc1
16608,N#C/C(=C\c1cc(N(c2ccccc2)c2ccccc2)c(/C=C(\C#N)c2ccccc2)cc1N(c1ccccc1)c1ccccc1)c1ccccc1
16609,N#C/C(=C\c1cc(N(c2ccccc2)c2ccccc2)c(/C=C(\C#N)c2ccc(F)cc2)cc1N(c1ccccc1)c1ccccc1)c1ccc(F)cc1
16610,N#C/C(=C\c1cc(N(c2ccccc2)c2ccccc2)c(/C=C(\C#N)c2ccc(C(F)(F)F)cc2)cc1N(c1ccccc1)c1ccccc1)c1ccc(C(F)(F)F)cc1
16611,N#C/C(=C\c1cc(N(c2ccccc2)c2ccccc2)c(/C=C(\C#N)c2cc(C(F)(F)F)cc(C(F)(F)F)c2)cc1N(c1ccccc1)c1ccccc1)c1cc(C(F)(F)F)cc(C(F)(F)F)c1
16612,CC(C)(C)c1ccc(N(c2ccc(C(C)(C)C)cc2)c2cc(/C=C(\C#N)c3cc(C(F)(F)F)cc(C(F)(F)F)c3)c(N(c3ccc(C(C)(C)C)cc3)c3ccc(C(C)(C)C)cc3)cc2/C=C(\C#N)c2cc(C(F)(F)F)cc(C(F)(F)F)c2)cc1
16613,O=C1c2ccc(-c3ccc(N(c4ccccc4)c4ccccc4)cc3)cc2C(=O)c2ccc(-c3ccc(N(c4ccccc4)c4ccccc4)cc3)cc21
16614,O=C1c2ccccc2-c2ccc(-c3ccc(N(c4ccccc4)c4ccccc4)cc3)cc21
16616,O=Cc1ccc(N(c2ccc(-n3c4ccccc4c4ccccc43)cc2)c2ccc(-n3c4ccccc4c4ccccc43)cc2)cc1
16617,O=Cc1ccc(N(c2ccccc2)c2ccc(N(c3ccccc3)c3ccccc3)cc2)cc1
16618,N#CC(C#N)=Cc1ccc(N(c2ccc(-n3c4ccccc4c4ccccc43)cc2)c2ccc(-n3c4ccccc4c4ccccc43)cc2)cc1
16619,N#CC(C#N)=Cc1ccc(N(c2ccccc2)c2ccc(N(c3ccccc3)c3ccccc3)cc2)cc1
16620,N#C/C(=C\c1ccc(N(c2ccc(-n3c4ccccc4c4ccccc43)cc2)c2ccc(-n3c4ccccc4c4ccccc43)cc2)cc1)c1ccc(/C(C#N)=C/c2ccc(N(c3ccc(-n4c5ccccc5c5ccccc54)cc3)c3ccc(-n4c5ccccc5c5ccccc54)cc3)cc2)cc1
16621,N#C/C(=C\c1ccc(N(c2ccc(N3c4ccccc4Sc4ccccc43)cc2)c2ccc(N3c4ccccc4Sc4ccccc43)cc2)cc1)c1ccc(/C(C#N)=C/c2ccc(N(c3ccc(N4c5ccccc5Sc5ccccc54)cc3)c3ccc(N4c5ccccc5Sc5ccccc54)cc3)cc2)cc1
16622,N#C/C(=C\c1ccc(N(c2ccc(N(c3ccccc3)c3ccccc3)cc2)c2ccc(N(c3ccccc3)c3ccccc3)cc2)cc1)c1ccc(/C(C#N)=C/c2ccc(N(c3ccc(N(c4ccccc4)c4ccccc4)cc3)c3ccc(N(c4ccccc4)c4ccccc4)cc3)cc2)cc1
16623,CC(C)(C)CC(C)(C)c1ccc(N(c2ccc(N(c3ccc(/C=C/c4ccc(-c5nc(-c6ccccc6)nc(-c6ccccc6)n5)cc4)cc3)c3ccc(N(c4ccc(C(C)(C)CC(C)(C)C)cc4)c4ccc(C(C)(C)CC(C)(C)C)cc4)cc3)cc2)c2ccc(C(C)(C)CC(C)(C)C)cc2)cc1
16624,Cc1cn(CCCCCCOc2ccc(/C=C/c3ccc(-c4nc(-c5ccc(/C=C/c6ccc(OCCCCCCn7cc(C)c(=O)[nH]c7=O)cc6)cc5)nc(-c5ccc(/C=C/c6ccc(N(c7ccc(N(c8ccccc8)c8ccccc8)cc7)c7ccc(N(c8ccccc8)c8ccccc8)cc7)cc6)cc5)n4)cc3)cc2)c(=O)[nH]c1=O
16625,CCCCCCCCOc1ccc(N(c2ccc(OCCCCCCCC)cc2)c2ccc(-c3c4c(c(-c5ccc(N(c6ccc(OCCCCCCCC)cc6)c6ccc(OCCCCCCCC)cc6)cc5)c5nsnc35)N=S=N4)cc2)cc1
16626,c1ccc(C(=C(c2ccccc2)c2ccc(-c3c4nccnc4c(-c4ccc(C(=C(c5ccccc5)c5ccccc5)c5ccccc5)cc4)c4nsnc34)cc2)c2ccccc2)cc1
16627,COc1ccc(C(=C(c2ccccc2)c2ccc(-c3c4nccnc4c(-c4ccc(C(=C(c5ccc(OC)cc5)c5ccc(OC)cc5)c5ccccc5)cc4)c4nsnc34)cc2)c2ccc(OC)cc2)cc1
16628,c1ccc(C(=C(c2ccccc2)c2ccc(-c3c4c(c(-c5ccc(C(=C(c6ccccc6)c6ccccc6)c6ccccc6)cc5)c5nsnc35)N=S=N4)cc2)c2ccccc2)cc1
16629,COc1ccc(C(=C(c2ccccc2)c2ccc(-c3c4c(c(-c5ccc(C(=C(c6ccc(OC)cc6)c6ccc(OC)cc6)c6ccccc6)cc5)c5nsnc35)N=S=N4)cc2)c2ccc(OC)cc2)cc1
16630,c1ccc(N(c2ccccc2)c2ccc(-c3ccc(-c4ccc(N(c5ccccc5)c5ccccc5)cc4)c4nsnc34)cc2)cc1
16631,C(#Cc1ccc(C#Cc2ccc(N(c3ccccc3)c3ccccc3)cc2)c2nsnc12)c1ccc(N(c2ccccc2)c2ccccc2)cc1
16633,Cc1ccc(-c2ccc(-c3ccc(N(c4ccccc4)c4ccccc4)cc3)c3nsnc23)cc1
16634,c1ccc(N(c2ccccc2)c2ccc(-c3ccc(-c4ccc(N(c5ccccc5)c5ccccc5)cc4)c4n[se]nc34)cc2)cc1
16635,c1ccc(-c2ccc(-c3ccccc3)c3nsnc23)cc1
16636,C1=C(c2ccc(N(c3ccccc3)c3ccccc3)cc2)CCC(c2ccc(N(c3ccccc3)c3ccccc3)cc2)=C1
16637,CCCCCCN1c2ccc(-c3ccc(-c4ccccc4)c4nsnc34)cc2Sc2cc(-c3ccc(-c4ccccc4)c4nsnc34)ccc21
16638,C[Si]1(C)C(c2ccc(-c3ccccc3)c3c2N=S=N3)=C(c2ccccc2)C(c2ccccc2)=C1c1ccc(-c2ccccc2)c2c1N=S=N2
16639,C[Si]1(C)C(c2ccc(-c3cccs3)c3c2N=S=N3)=C(c2ccccc2)C(c2ccccc2)=C1c1ccc(-c2cccs2)c2c1N=S=N2
16640,CCCCCCCCOc1ccc(N(c2ccc(OCCCCCCCC)cc2)c2ccc(-c3ccc(C4=C(c5ccccc5)C(c5ccccc5)=C(c5ccc(-c6ccc(N(c7ccc(OCCCCCCCC)cc7)c7ccc(OCCCCCCCC)cc7)cc6)c6c5N=S=N6)[Si]4(C)C)c4c3N=S=N4)cc2)cc1
16641,C[Si]1(C)C(c2ccc(-c3ccc(N(c4ccccc4)c4ccccc4)s3)c3c2N=S=N3)=C(c2ccccc2)C(c2ccccc2)=C1c1ccc(-c2ccc(N(c3ccccc3)c3ccccc3)s2)c2c1N=S=N2
16642,CCCCCCCCC1(CCCCCCCC)c2ccccc2-c2ccc(-c3ccc(-c4ccc(C5=C(c6ccccc6)C(c6ccccc6)=C(c6ccc(-c7ccc(-c8ccc9c(c8)C(CCCCCCCC)(CCCCCCCC)c8ccccc8-9)s7)c7c6N=S=N7)[Si]5(C)C)c5c4N=S=N5)s3)cc21
16643,C(=C/c1ccc(/C=C/c2ccc(N(c3ccc(C(=C(c4ccccc4)c4ccccc4)c4ccccc4)cc3)c3ccc(C(=C(c4ccccc4)c4ccccc4)c4ccccc4)cc3)cc2)c2nsnc12)\c1ccc(N(c2ccc(C(=C(c3ccccc3)c3ccccc3)c3ccccc3)cc2)c2ccc(C(=C(c3ccccc3)c3ccccc3)c3ccccc3)cc2)cc1
16644,c1ccc(C(=C(c2ccccc2)c2ccc(-c3ccc(-c4ccc(C(=C(c5ccccc5)c5ccccc5)c5ccccc5)cc4)c4nsnc34)cc2)c2ccccc2)cc1
16645,c1ccc(C(=C(c2ccccc2)c2ccc(-c3ccc(-c4ccc(-c5ccc(C(=C(c6ccccc6)c6ccccc6)c6ccccc6)cc5)c5nsnc45)s3)cc2)c2ccccc2)cc1
16646,c1ccc(C(=C(c2ccccc2)c2ccc(-c3ccc(-c4ccc(-c5ccc(-c6ccc(C(=C(c7ccccc7)c7ccccc7)c7ccccc7)cc6)s5)c5nsnc45)s3)cc2)c2ccccc2)cc1
16647,c1ccc(C(=C(c2ccccc2)c2ccc(-c3ccc(-c4ccc(-c5sc(-c6ccc(C(=C(c7ccccc7)c7ccccc7)c7ccccc7)cc6)cc5-c5ccc(C(=C(c6ccccc6)c6ccccc6)c6ccccc6)cc5)c5nsnc45)s3)cc2)c2ccccc2)cc1
16648,c1ccc(C(=C(c2ccccc2)c2ccc(N(c3ccccc3)c3ccc(-c4ccc(-c5ccc(N(c6ccccc6)c6ccc(C(=C(c7ccccc7)c7ccccc7)c7ccccc7)cc6)cc5)c5nsnc45)cc3)cc2)c2ccccc2)cc1
16649,c1ccc(C(=C(c2ccccc2)c2ccc(N(c3ccc(-c4ccc(-c5ccc(N(c6ccc(C(=C(c7ccccc7)c7ccccc7)c7ccccc7)cc6)c6cccc7ccccc67)cc5)c5nsnc45)cc3)c3cccc4ccccc34)cc2)c2ccccc2)cc1
16650,c1ccc(C(=C(c2ccccc2)c2ccc(N(c3ccccc3)c3ccc(-c4cnc(-c5ccc(N(c6ccccc6)c6ccc(C(=C(c7ccccc7)c7ccccc7)c7ccccc7)cc6)cc5)c5nsnc45)cc3)cc2)c2ccccc2)cc1
16651,O=C(O)c1ccc(-c2ccc(-c3ccc(N(c4ccccc4)c4ccc(C(=C(c5ccccc5)c5ccccc5)c5ccccc5)cc4)cc3)c3nsnc23)cc1
16652,CCCCCCOc1cc(C=C2C(=O)NC(=O)NC2=O)c(OCCCCCC)cc1C#Cc1ccc(C(=C(c2ccccc2)c2ccccc2)c2ccccc2)cc1
16653,CCCCN(CCCC)c1ccc(/C=C/c2ccc3c(/C=C/c4ccncc4)c4cc(/C=C/c5ccc(N(CCCC)CCCC)cc5)ccc4c(/C=C/c4ccncc4)c3c2)cc1
16654,CCCCCCN1C(=O)c2cc(C#Cc3ccncc3)c3c4c(cc(C#Cc5ccncc5)c(c24)C1=O)C(=O)N(CCCCCC)C3=O
16655,CCCCCCCCCCCCCCCCCCCCN1C(=O)c2cc(C#Cc3ccccc3)c3c4c(cc(C#Cc5ccccc5)c(c24)C1=O)C(=O)N(CCCCCCCCCCCCCCCCCCCC)C3=O
16656,CCCCCCN1C(=O)c2cc(C#Cc3ccccc3)c3c4c(cc(C#Cc5ccccc5)c(c24)C1=O)C(=O)N(CCCCCC)C3=O
16657,CCCCCCCCCCCCCCCCCCCCN1C(=O)c2cc(C#Cc3cccs3)c3c4c(cc(C#Cc5cccs5)c(c24)C1=O)C(=O)N(CCCCCCCCCCCCCCCCCCCC)C3=O
16658,CCCCCCN1C(=O)c2cc(C#Cc3cccs3)c3c4c(cc(C#Cc5cccs5)c(c24)C1=O)C(=O)N(CCCCCC)C3=O
16659,CCCCCCCCCCCCCCCCCCCCN1C(=O)c2cc(C#Cc3cc4ccccc4s3)c3c4c(cc(C#Cc5cc6ccccc6s5)c(c24)C1=O)C(=O)N(CCCCCCCCCCCCCCCCCCCC)C3=O
16791,C(=C/c1ccc(-n2c3ccccc3c3ccccc32)cc1)\c1ccc(-c2ccc(/C=C/c3ccc(-n4c5ccccc5c5ccccc54)cc3)cc2)cc1
16794,c1ccc2c(c1)c1ccccc1n2-c1ccc2cc(-c3ccc(-c4ccc(-c5cc6ccc(-n7c8ccccc8c8ccccc87)cc6o5)cc4)cc3)oc2c1
16797,c1ccc2c(c1)c1ccccc1n2-c1ccc(-c2cc3ccc(-c4ccc5cc(-c6ccc(-n7c8ccccc8c8ccccc87)cc6)oc5c4)cc3o2)cc1
17029,c1ccc(-c2cccc3c2-c2ccccc2C32c3ccccc3-c3ccccc32)cc1
17030,c1ccc(-c2cccc3c2-c2ccccc2C32c3ccccc3-c3ccccc32)nc1
17031,c1cncc(-c2cccc3c2-c2ccccc2C32c3ccccc3-c3ccccc32)c1
17032,c1ccc2c(c1)-c1ccccc1C21c2ccccc2-c2c(-c3ccncc3)cccc21
17033,c1ccc2c(c1)-c1ccccc1C21c2ccccc2-c2ccc(-c3ccncc3)cc21
17034,c1ccc(-c2ccc3c(c2)C2(c4ccccc4-c4ccccc42)c2ccccc2-3)cc1
17043,N#Cc1c(N2CCCCC2)cc(-c2cccc3ccccc23)c2c1CCc1ccccc1-2
17044,N#Cc1c(N2CCCCC2)cc(-c2cccs2)c2c1CCc1ccccc1-2
17045,N#Cc1c(N2CCCCC2)cc(-c2ccc(-c3ccccc3)cc2)c2c1CCc1ccccc1-2
17046,N#Cc1c(N2CCCCC2)cc(-c2ccc(Br)cc2)c2c1CCc1ccccc1-2
17047,N#Cc1c(N2CCCCC2)cc(-c2ccc(Br)s2)c2c1CCc1ccccc1-2
17048,CN(C)c1ccc(-c2ccc(-c3cc(N4CCCCC4)c(C#N)c4c3-c3ccccc3CC4)cc2)cc1
17049,CN(C)c1ccc(-c2ccc(-c3cc(N4CCCCC4)c(C#N)c4c3-c3ccccc3CC4)s2)cc1
17050,N#Cc1c(N2CCCCC2)cc(-c2ccc(-c3ccccc3)s2)c2c1CCc1ccccc1-2
17091,c1ccc(-n2c3ccccc3c3cc(C4(c5ccc6c(c5)c5ccccc5n6-c5ccccc5)c5cc(-c6ccc7ccc8cccc9ccc6c7c89)ccc5-c5ccc(-c6ccc7ccc8cccc9ccc6c7c89)cc54)ccc32)cc1
17092,CC1(C)c2cc(-c3ccc4ccc5cccc6ccc3c4c56)ccc2-c2ccc(-c3ccc4ccc5cccc6ccc3c4c56)cc21
17097,CC(C)(C)c1ccc(-n2c(-c3ccc(-c4ccc(N(c5ccccc5)c5ccccc5)cc4)cc3)nc3c4ccccc4c4ccccc4c32)cc1
17098,CC(C)(C)c1ccc(-n2c(-c3ccc(-c4ccc(N(c5ccccc5)c5ccccc5)cc4)s3)nc3c4ccccc4c4ccccc4c32)cc1
17099,CC(C)(C)c1ccc(-c2nc3c4ccccc4c4ccccc4c3n2-c2ccc(-c3ccc(N(c4ccccc4)c4ccccc4)cc3)cc2)cc1
17100,c1ccc(N(c2ccccc2)c2ccc(-c3nc4c5ccccc5c5ccccc5c4n3-c3ccccc3)cc2)cc1
17103,c1ccc(-c2nc3c4ccccc4c4ccccc4c3n2-c2ccccc2)cc1
17104,C(=C(c1ccccc1)c1ccccc1)c1ccc(-c2ccc(-c3nc4c5ccccc5c5ccccc5c4n3-c3cccc(-c4ccc(C=C(c5ccccc5)c5ccccc5)cc4)c3)cc2)cc1
17107,Cc1ccc(-n2c3ccc(-c4ccc(-c5nc6ccccc6n5-c5ccccc5)cc4)cc3c3cc(-c4ccc(-c5nc6ccccc6n5-c5ccccc5)cc4)ccc32)cc1
17112,c1ccc(C2=C(c3ccccc3)[Si](c3ccccc3)(c3ccccc3)c3ccccc32)cc1
17113,Fc1ccc(C2=C(c3ccc(F)cc3)[Si](c3ccccc3)(c3ccccc3)c3ccccc32)cc1
17114,CC(C)(C)c1ccc(C2=C(c3ccc(C(C)(C)C)cc3)[Si](c3ccccc3)(c3ccccc3)c3ccccc32)cc1
17115,COc1ccc(C2=C(c3ccc(OC)cc3)[Si](c3ccccc3)(c3ccccc3)c3ccccc32)cc1
17128,c1ccc(-c2nc3c4ccccc4c4ccccc4c3n2-c2ccc(-c3nc4c5ccccc5c5ccccc5c4n3-c3ccccc3)cc2)cc1
17129,c1ccc(-c2nc3c4ccccc4c4ccccc4c3n2-c2cccc(-c3nc4c5ccccc5c5ccccc5c4n3-c3ccccc3)c2)cc1
17251,CC(C)(C)c1ccc(-c2nc3c4ccccc4c4ccccc4c3n2-c2ccc(C(C)(C)C)cc2)cc1
17252,CC(C)(C)c1ccc(-c2nc3c4ccc(-c5ccccc5)cc4c4cc(-c5ccccc5)ccc4c3n2-c2ccc(C(C)(C)C)cc2)cc1
17253,CC(C)(C)c1ccc(-c2nc3c4ccc(-c5ccc6ccccc6c5)cc4c4cc(-c5ccc6ccccc6c5)ccc4c3n2-c2ccc(C(C)(C)C)cc2)cc1
17254,CC(C)(C)c1ccc(-c2nc3c4ccc(-c5cccc6ccccc56)cc4c4cc(-c5cccc6ccccc56)ccc4c3n2-c2ccc(C(C)(C)C)cc2)cc1
17255,CC(C)(C)c1ccc(-c2nc3c4ccc(-c5cc6ccccc6c6ccccc56)cc4c4cc(-c5cc6ccccc6c6ccccc56)ccc4c3n2-c2ccc(C(C)(C)C)cc2)cc1
17256,CC(C)(C)c1ccc(-c2nc3c4ccc(-c5c6ccccc6cc6ccccc56)cc4c4cc(-c5c6ccccc6cc6ccccc56)ccc4c3n2-c2ccc(C(C)(C)C)cc2)cc1
17257,CC(C)(C)c1ccc(-c2nc3c4ccc(-c5ccc6ccc7cccc8ccc5c6c78)cc4c4cc(-c5ccc6ccc7cccc8ccc5c6c78)ccc4c3n2-c2ccc(C(C)(C)C)cc2)cc1
17273,c1ccc(N(c2ccccc2)c2ccc(-c3ccc4c(c3)C3(c5cc(-c6ccc(N(c7ccccc7)c7ccccc7)cc6)ccc5-4)c4ccccc4N(c4ccccc4)c4ccccc43)cc2)cc1
17274,c1ccc(N(c2ccccc2)c2ccc(-c3ccc4c(c3)C3(c5ccccc5Oc5ccccc53)c3cc(-c5ccc(N(c6ccccc6)c6ccccc6)cc5)ccc3-4)cc2)cc1
17275,c1ccc(N(c2ccccc2)c2ccc(-c3ccc4c(c3)C3(c5cc(-c6ccc(N(c7ccccc7)c7ccccc7)cc6)ccc5O4)c4ccccc4-c4ccccc43)cc2)cc1
17276,O=S1(=O)c2ccccc2C2(c3cc(-c4ccc(N(c5ccccc5)c5ccccc5)cc4)ccc3-c3ccc(-c4ccc(N(c5ccccc5)c5ccccc5)cc4)cc32)c2ccccc21
17277,O=S1(=O)c2ccccc2C2(c3cc(-c4ccc(-n5c6ccccc6c6ccccc65)cc4)ccc3-c3ccc(-c4ccc(-n5c6ccccc6c6ccccc65)cc4)cc32)c2ccccc21
17278,CC(C)(C)c1ccc2c(c1)c1cc(C(C)(C)C)ccc1n2-c1ccc(-c2ccc3c(c2)C2(c4cc(-c5ccc(-n6c7ccc(C(C)(C)C)cc7c7cc(C(C)(C)C)ccc76)cc5)ccc4-3)c3ccccc3S(=O)(=O)c3ccccc32)cc1
17279,c1ccc(N(c2ccccc2)c2ccc(-c3ccc4c(c3)C3(c5ccccc5Sc5ccccc53)c3cc(-c5ccc(N(c6ccccc6)c6ccccc6)cc5)ccc3-4)cc2)cc1
17290,c1ccc2c(c1)-c1ccccc1C21c2ccccc2-c2c1c1c3ccccc3ccc1c1ccccc21
17291,c1ccc(-c2cc(-c3ccccc3)cc(-c3ccc4c(c3)C3(c5cc(-c6cc(-c7ccccc7)cc(-c7ccccc7)c6)ccc5-4)c4ccccc4-c4c3c3c5ccccc5ccc3c3ccccc43)c2)cc1
17292,c1ccc(-c2cc(-c3ccccc3)cc(-c3ccc4c(c3)C3(c5ccccc5-4)c4ccccc4-c4c3c3c5ccccc5c(-c5cc(-c6ccccc6)cc(-c6ccccc6)c5)cc3c3ccccc43)c2)cc1
17300,CCCCCCc1ccc(-c2ccc(-c3cc(-c4ccc(-c5ccc(CCCCCC)s5)s4)c4ccc5c(-c6ccc(-c7ccc(CCCCCC)s7)s6)cc(-c6ccc(-c7ccc(CCCCCC)s7)s6)c6ccc3c4c65)s2)s1
17301,CCCCOc1ccc(-c2cc(-c3ccc(OCCCC)cc3)c3ccc4c(-c5ccc(OCCCC)cc5)cc(-c5ccc(OCCCC)cc5)c5ccc2c3c54)cc1
17302,CCCCCCCCCc1csc2cc(-c3cc(-c4cc5scc(CCCCCCCCC)c5s4)c4ccc5c(-c6cc7scc(CCCCCCCCC)c7s6)cc(-c6cc7scc(CCCCCCCCC)c7s6)c6ccc3c4c65)sc12
17303,CCCCCCCCc1ccc(-c2ccc(-c3cc(-c4ccc(-c5ccc(CCCCCCCC)s5)c5nsnc45)c4ccc5c(-c6ccc(-c7ccc(CCCCCCCC)s7)c7nsnc67)cc(-c6ccc(-c7ccc(CCCCCCCC)s7)c7nsnc67)c6ccc3c4c65)c3nsnc23)s1
17306,CN1c2ccc3c(c2-c2ccccc2S1(=O)=O)-c1ccccc1S(=O)(=O)N3C
17309,c1ccc2c(c1)OB1Oc3ccccc3-c3c1c-2c1c2c3-c3ccccc3OB2Oc2ccccc2-1
17310,CC(C)(C)c1ccc2c(c1)-c1c3c(c4c5c1-c1cc(C(C)(C)C)ccc1OB5Oc1ccc(C(C)(C)C)cc1-4)-c1cc(C(C)(C)C)ccc1OB3O2
17330,F[B-]1(F)n2c(cc3c4ccccc4c4ccccc4c32)-c2ccc3ccccc3[n+]21
17331,c1cc2c3c(c1)ccc1[n+]3[B-]3(Oc4cccc5ccc6[n+](c45)[B-](O2)(O3)n2c-6cc3c4ccccc4c4ccccc4c32)n2c-1cc1c3ccccc3c3ccccc3c12
17332,O=[N+]([O-])c1cccc2c1ccc1[n+]2[B-](F)(F)n2c-1cc1c3ccccc3c3ccccc3c12
17333,Nc1cccc2c1ccc1[n+]2[B-](F)(F)n2c-1cc1c3ccccc3c3ccccc3c12
17334,O=[N+]([O-])c1ccc2c(ccc3[n+]2[B-](F)(F)n2c-3cc3c4ccccc4c4ccccc4c32)c1
17335,Nc1ccc2c(ccc3[n+]2[B-](F)(F)n2c-3cc3c4ccccc4c4ccccc4c32)c1
17364,c1ccc(C2=C(c3ccccc3)c3cccc4c3c(cc3nc5ccccc5nc34)O2)cc1
17365,Cc1ccc(C2=C(c3ccc(C)cc3)c3cccc4c3c(cc3nc5ccccc5nc34)O2)cc1
17366,COc1ccc(C2=C(c3ccc(OC)cc3)c3cccc4c3c(cc3nc5ccccc5nc34)O2)cc1
17367,Fc1ccc(C2=C(c3ccc(F)cc3)c3cccc4c3c(cc3nc5ccccc5nc34)O2)cc1
17368,Clc1ccc(C2=C(c3ccc(Cl)cc3)c3cccc4c3c(cc3nc5ccccc5nc34)O2)cc1
17369,Brc1ccc(C2=C(c3ccc(Br)cc3)c3cccc4c3c(cc3nc5ccccc5nc34)O2)cc1
17370,c1ccc2c(C3=C(c4cccc5ccccc45)c4cccc5c4c(cc4nc6ccccc6nc45)O3)cccc2c1
17371,CC1=C(c2ccccc2)Oc2cc3nc4ccccc4nc3c3cccc1c23
17372,CC1=C(C)c2cccc3c2c(cc2nc4ccccc4nc23)O1
17373,CCC1=C(CC)c2cccc3c2c(cc2nc4ccccc4nc23)O1
17374,CCCC1=C(CCC)c2cccc3c2c(cc2nc4ccccc4nc23)O1
17375,CCCCC1=C(CCCC)c2cccc3c2c(cc2nc4ccccc4nc23)O1
17376,Cc1ccc2nc3cc4c5c(cccc5c3nc2c1)C(c1ccccc1)=C(c1ccccc1)O4
17377,Brc1cc2nc3cc4c5c(cccc5c3nc2cc1Br)C(c1ccccc1)=C(c1ccccc1)O4
17378,c1ccc(C2=C(c3ccccc3)c3cccc4c3c(cc3nc5cc(-c6ccccc6)c(-c6ccccc6)cc5nc34)O2)cc1
17379,c1ccc(C2=C(c3ccccc3)c3cccc4c3c(cc3nc5c(-c6ccccc6)ccc(-c6ccccc6)c5nc34)O2)cc1
17380,c1ccc(C2=C(c3ccccc3)c3cccc4c3c(cc3nc5cc(-c6ccc(N(c7ccccc7)c7ccccc7)cc6)c(-c6ccc(N(c7ccccc7)c7ccccc7)cc6)cc5nc34)O2)cc1
17381,N#CC1N=c2cc3c4c(cccc4c2=NC1C#N)C(c1ccccc1)=C(c1ccccc1)O3
17382,c1ccc(C2=C(c3ccccc3)c3cccc4c5c(cc(c34)O2)=NC2CCCCC2N=5)cc1
17383,COc1ccc(C2=C(c3ccc(OC)cc3)c3cccc4c5c(cc(c34)O2)=NC2C=C(Br)C(Br)=CC2N=5)cc1
17384,COc1ccc(C2=C(c3ccc(OC)cc3)c3cccc4c5c(cc(c34)O2)=NC(C#N)C(C#N)N=5)cc1
17405,CCCCCCC1(CCCCCC)c2cc(-c3ccc(-c4ccc(-c5ccc(-c6ccc7c(c6)C(CCCCCC)(CCCCCC)c6cc(-n8c9ccccc9c9ccccc98)ccc6-7)s5)c5nsnc45)s3)ccc2-c2ccc(-n3c4ccccc4c4ccccc43)cc21
17406,CCCCCCC1(CCCCCC)c2cc(-c3ccc(-c4ccc(-c5ccc(-c6ccc7c(c6)C(CCCCCC)(CCCCCC)c6cc(-n8c9ccc(-n%10c%11ccccc%11c%11ccccc%11%10)cc9c9cc(-n%10c%11ccccc%11c%11ccccc%11%10)ccc98)ccc6-7)s5)c5nsnc45)s3)ccc2-c2ccc(-n3c4ccc(-n5c6ccccc6c6ccccc65)cc4c4cc(-n5c6ccccc6c6ccccc65)ccc43)cc21
17486,F[B-]1(F)OC(c2ccccc2)=Cc2cc(Cl)nc[n+]21
17487,F[B-]1(F)OC(c2ccc(C(F)(F)F)cc2)=Cc2cc(Cl)nc[n+]21
17488,CN(C)c1ccc(C2=Cc3cc(Cl)nc[n+]3[B-](F)(F)O2)cc1
17489,F[B-]1(F)OC(c2ccccc2)=Cc2cc3[n+](c[n+]21)[B-](F)(F)OC(c1ccccc1)=C3
17546,CC(C)[Si]1(C(C)C)c2ccccc2-c2ccc(N(C)C)cc21
17547,CC(C)[Si]1(C(C)C)c2cc(N(C)C)ccc2-c2ccc(C(F)(F)F)cc21
17548,CC(C)[Si]1(C(C)C)c2cc(C#N)ccc2-c2ccc(N(C)C)cc21
17549,CC(C)[Si]1(C(C)C)c2cc(C=O)ccc2-c2ccc(N(C)C)cc21
17550,CC(C)[Si]1(C(C)C)c2cc(C#N)ccc2-c2ccc(N(c3ccccc3)c3ccccc3)cc21
17551,CC(C)[Si]1(C(C)C)c2cc(C=O)ccc2-c2ccc(N(c3ccccc3)c3ccccc3)cc21
17552,CC(C)[Si]1(C(C)C)c2cc(C=C(C#N)C#N)ccc2-c2ccc(N(c3ccccc3)c3ccccc3)cc21
17595,COc1ccc(/C=C/C=C/C=C/c2ccc([N+](=O)[O-])cc2)cc1
17596,CCOc1ccc(/C=C/C=C/C=C/c2ccc([N+](=O)[O-])cc2)cc1
17597,CCCOc1ccc(/C=C/C=C/C=C/c2ccc([N+](=O)[O-])cc2)cc1
17598,CCCCOc1ccc(/C=C/C=C/C=C/c2ccc([N+](=O)[O-])cc2)cc1
17604,CC1=[N+]2C(=C(c3ccccc3)c3ccc(/C=C/c4ccc(C(=C(c5ccccc5)c5ccccc5)c5ccccc5)cc4)n3[B-]2(F)F)C=C1
17605,F[B-]1(F)n2c(/C=C/c3ccc(C(=C(c4ccccc4)c4ccccc4)c4ccccc4)cc3)ccc2C(c2ccccc2)=C2C=CC(/C=C/c3ccc(C(=C(c4ccccc4)c4ccccc4)c4ccccc4)cc3)=[N+]21
17606,CC1=[N+]2C(=C(c3ccc(C(=C(c4ccccc4)c4ccccc4)c4ccccc4)cc3)c3ccc(C)n3[B-]2(F)F)C=C1
17607,CC1=[N+]2C(=C(c3ccc(C(=C(c4ccccc4)c4ccccc4)c4ccccc4)cc3)c3ccc(/C=C/c4ccc(C(=C(c5ccccc5)c5ccccc5)c5ccccc5)cc4)n3[B-]2(F)F)C=C1
17608,F[B-]1(F)n2c(/C=C/c3ccc(C(=C(c4ccccc4)c4ccccc4)c4ccccc4)cc3)ccc2C(c2ccc(C(=C(c3ccccc3)c3ccccc3)c3ccccc3)cc2)=C2C=CC(/C=C/c3ccc(C(=C(c4ccccc4)c4ccccc4)c4ccccc4)cc3)=[N+]21
17614,Cc1cc(C)c(B(c2c(C)cc(C)cc2C)c2cc3ccc4ccccc4c3c3c2ccc2ccccc23)c(C)c1
17620,Cc1cc(C)c(B(c2c(C)cc(C)cc2C)c2cc3cc(N(C)C)c4ccccc4c3c3c2ccc2ccccc23)c(C)c1
17626,Cc1cc(C)c(B(c2c(C)cc(C)cc2C)c2cc3ccc4ccccc4c3c3c2cc(N(C)C)c2ccccc23)c(C)c1
17629,CN1/C(=C/C=C/C2=[N+](C)c3c(F)c(F)c4c(F)c(F)c(F)c(F)c4c3C2(C)C)C(C)(C)c2c1c(F)c(F)c1c(F)c(F)c(F)c(F)c21
17630,CN1/C(=C/C=C/C2=[N+](C)c3ccc4ccccc4c3C2(C)C)C(C)(C)c2c1ccc1ccccc21
18037,CCN(CC)c1ccc2c(c1)oc(=O)c1cc3cnn(-c4ccccc4)c3nc12
18038,CCN(CC)c1ccc2c(c1)oc(=O)c1cc3c(C)nn(-c4ccccc4)c3nc12
18039,CCN(CC)c1ccc2c(c1)oc(=O)c1cc3c(-c4ccccc4)nn(-c4ccccc4)c3nc12
18040,CCN(CC)c1ccc2c(c1)oc(=O)c1cc3c(-c4ccccc4)nn(C)c3nc12
18041,CCN(CC)c1ccc2c(c1)oc(=O)c1cnc3c(cnn3-c3ccccc3)c12
18042,CCN(CC)c1ccc2c(c1)oc(=O)c1cnc3c(c(C)nn3-c3ccccc3)c12
18043,CCN(CC)c1ccc2c(c1)oc(=O)c1c(C)nc3c(cnn3-c3ccccc3)c12
18044,CCN(CC)c1ccc2c(c1)oc(=O)c1c(C)nc3c(c(C)nn3-c3ccccc3)c12
18045,CCN(CC)c1ccc2c(c1)oc(=O)c1c(C)nc3c(c(-c4ccccc4)nn3-c3ccccc3)c12
18046,CCN(CC)c1ccc2c(c1)oc(=O)c1c(C)nc3c(c(-c4ccccc4)nn3C)c12
18264,c1ccc(-c2nc3ccccc3nc2-c2ccccc2)cc1
18265,COc1ccc(-c2nc3ccccc3nc2-c2ccc(OC)cc2)cc1
18266,COc1ccc(-c2ccc(-c3ccc(OC)cc3)c3nc(-c4ccccc4)c(-c4ccccc4)nc23)cc1
18267,c1ccc(-c2nc3c(-c4ccc(N(c5ccccc5)c5ccccc5)cc4)ccc(-c4ccc(N(c5ccccc5)c5ccccc5)cc4)c3nc2-c2ccccc2)cc1
18268,CN(C)c1ccc(-c2ccc(-c3ccc(N(C)C)cc3)c3nc(-c4ccccc4)c(-c4ccccc4)nc23)cc1
18269,CN(c1ccccc1)c1ccc(-c2ccc(-c3ccc(N(C)c4ccccc4)cc3)c3nc(-c4ccccc4)c(-c4ccccc4)nc23)cc1
18270,CCCCC1(c2ccccc2)Nc2ccccc2N=C1c1ccccc1
18271,CCCCC1(c2ccc(OC)cc2)Nc2ccccc2N=C1c1ccc(OC)cc1
18272,CCCCC1(c2ccccc2)Nc2c(-c3ccc(OC)cc3)ccc(-c3ccc(OC)cc3)c2N=C1c1ccccc1
18273,CCCCC1(c2ccccc2)Nc2c(-c3ccc(N(c4ccccc4)c4ccccc4)cc3)ccc(-c3ccc(N(c4ccccc4)c4ccccc4)cc3)c2N=C1c1ccccc1
18274,CCCCC1(c2ccccc2)Nc2c(-c3ccc(N(C)C)cc3)ccc(-c3ccc(N(C)C)cc3)c2N=C1c1ccccc1
18275,CCCCC1(c2ccccc2)Nc2c(-c3ccc(N(C)c4ccccc4)cc3)ccc(-c3ccc(N(C)c4ccccc4)cc3)c2N=C1c1ccccc1
18368,O=C1c2ccccc2C2=Cc3cccc[n+]3[B-](F)(F)N12
18369,O=C1c2ccccc2C2=Cc3ccc4ccccc4[n+]3[B-](F)(F)N12
18413,O=C1C=Cc2cc3ccccc3c(=O)n21
18414,O=C1c2ccccc2-c2cc3ccccc3c(=O)n21
18415,CCC1=C(C)c2cc3c(OC)cc(OC)cc3c(=O)n2C1=O
18416,O=C1C=CC2=Cc3ccccc3B(O)N12
18417,CCC1=C(C)C2=Cc3ccccc3B(O)N2C1=O
18418,O=C1c2ccccc2C2=Cc3ccccc3B(O)N12
18419,CCC1=C(C)C2=Cc3cc4c(cc3B(O)N2C1=O)OCO4
18420,O=C1c2ccccc2C2=Cc3cc4c(cc3B(O)N12)OCO4
18421,CCC1=C(C)C2=Cc3cscc3B(O)N2C1=O
18489,COc1ccc(-c2cc(/C=C/c3ccc(N(c4ccccc4)c4ccccc4)cc3)c(C#N)c(N3CCCCC3)c2)cc1
18490,Cc1ccc(-c2cc(/C=C/c3ccc(N(c4ccccc4)c4ccccc4)cc3)c(C#N)c(N3CCCCC3)c2)cc1
18491,N#Cc1c(/C=C/c2ccc(N(c3ccccc3)c3ccccc3)cc2)cc(-c2ccccc2)cc1N1CCCCC1
18492,N#Cc1c(/C=C/c2ccc(N(c3ccccc3)c3ccccc3)cc2)cc(-c2cccs2)cc1N1CCCCC1
18609,F[B-]12OC(c3ccccc3)=Nc3cccc([n+]31)N=C(c1ccccc1)O2
18610,Cc1ccc(C2=Nc3cccc4[n+]3[B-](F)(O2)OC(c2ccc(C)cc2)=N4)cc1
18611,COc1ccc(C2=Nc3cccc4[n+]3[B-](F)(O2)OC(c2ccc(OC)cc2)=N4)cc1
18612,c1ccc(C2=Nc3cccc4[n+]3[B-](c3ccccc3)(N2)NC(c2ccccc2)=N4)cc1
18613,Cc1ccc(C2=Nc3cccc4[n+]3[B-](c3ccccc3)(N2)NC(c2ccc(C)cc2)=N4)cc1
18614,c1ccc([B-]23NC(C4CCCCC4)=Nc4cccc([n+]42)N=C(C2CCCCC2)N3)cc1
18615,CCCCCCCCCCCCCCCCCCOc1ccc([B-]23NC(c4ccccc4)=Nc4cccc([n+]42)N=C(c2ccccc2)N3)cc1
18647,c1cc2ccc3cc4[nH]ccc4c4ccc(c1)c2c34
18648,COC(=O)c1cc2c(cc3ccc4cccc5ccc2c3c45)[nH]1
18649,O=C(O)c1cc2c(cc3ccc4cccc5ccc2c3c45)[nH]1
18758,COc1cccc(OC)c1-c1c2ccccc2c(-c2c(OC)cccc2OC)c2ccccc12
18759,c1cc2c3c(c1)OCCCCCCOc1cccc(c1-c1c4ccccc4c-3c3ccccc13)OCCCCCCO2
18760,c1cc2c3c(c1)OCCCCCCCOc1cccc(c1-c1c4ccccc4c-3c3ccccc13)OCCCCCCCO2
18761,c1cc2c3c(c1)OCCCCCCCCOc1cccc(c1-c1c4ccccc4c-3c3ccccc13)OCCCCCCCCO2
18762,CC[Si](CC)(CC)Oc1cccc(O[Si](CC)(CC)CC)c1-c1c2ccccc2c(-c2c(O[Si](CC)(CC)CC)cccc2O[Si](CC)(CC)CC)c2ccccc12
18763,c1ccc(-c2c3ccccc3c(-c3ccccc3)c3ccccc23)cc1
18806,CC1(C)CC(/C=C/c2ccc(-n3ccnc3)cc2)=CC(=C(C#N)C#N)C1
18807,CC1(C)CC(/C=C/c2ccc(-n3cccn3)cc2)=CC(=C(C#N)C#N)C1
18808,CC1(C)CC(/C=C/c2ccc(-n3cncn3)cc2)=CC(=C(C#N)C#N)C1
18809,CC1(C)CC(/C=C/c2ccc(-n3c4ccccc4c4ccccc43)cc2)=CC(=C(C#N)C#N)C1
18810,CC1(C)CC(/C=C/c2ccc(N3CCOCCOCCOCCOCC3)cc2)=CC(=C(C#N)C#N)C1
19122,CC(C)[Si](C#Cc1c2ccccc2c(C#C[Si](C(C)C)(C(C)C)C(C)C)c2nc3cc4c(cc3nc12)C1c2ccccc2C4c2ccccc21)(C(C)C)C(C)C
19136,Cc1c(C(=O)c2ccccc2)c2ccc3cccc4c5cccc6ccc1c(c65)c2c34
19137,Cc1c(C(=O)c2ccc(C(F)(F)F)cc2)c2ccc3cccc4c5cccc6ccc1c(c65)c2c34
19138,Cc1c(C(=O)c2ccccc2Cl)c2ccc3cccc4c5cccc6ccc1c(c65)c2c34
19139,Cc1ccc(C(=O)c2c(C)c3ccc4cccc5c6cccc7ccc2c(c76)c3c45)cc1
19140,COc1ccc(C(=O)c2c(C)c3ccc4cccc5c6cccc7ccc2c(c76)c3c45)cc1
19141,COc1cc(C(=O)c2c(C)c3ccc4cccc5c6cccc7ccc2c(c76)c3c45)cc(OC)c1OC
19142,Cc1c(C(=O)c2c(F)cc(F)cc2F)c2ccc3cccc4c5cccc6ccc1c(c65)c2c34
19143,Cc1c(C(=O)c2ccc3c4cccc5cccc(c6cccc2c63)c54)c2ccc3cccc4c5cccc6ccc1c(c65)c2c34
19144,Cc1c(C(=O)c2ccc3ccc4cccc5ccc2c3c45)c2ccc3cccc4c5cccc6ccc1c(c65)c2c34
19145,CCCc1c(C(=O)c2ccc3c4c(cccc24)-c2cccc4c2C3CC=C4)c2ccc3cccc4c5cccc6ccc1c(c65)c2c34
19146,CCCCCc1c(C(=O)c2ccc3c4c(cccc24)-c2cccc4c2C3CC=C4)c2ccc3cccc4c5cccc6ccc1c(c65)c2c34
19147,O=C(c1ccc2c3c(cccc13)-c1cccc3c1C2CC=C3)c1c(Cc2ccccc2)c2ccc3cccc4c5cccc6ccc1c(c65)c2c34
19148,O=C(c1ccc2c3c(cccc13)-c1cccc3c1C2CC=C3)c1c(CCc2ccccc2)c2ccc3cccc4c5cccc6ccc1c(c65)c2c34
19313,CCCCN(CCCC)c1ccc(C#Cc2cc(C#Cc3ccc(C(F)(F)F)cc3)c(C#Cc3ccc(C(F)(F)F)cc3)cc2C#Cc2ccc(N(CCCC)CCCC)cc2)cc1
19314,CCCCN(CCCC)c1ccc(C#Cc2cc(C#Cc3ccc(N(CCCC)CCCC)cc3)c(C#Cc3ccc(C(F)(F)F)cc3)cc2C#Cc2ccc(C(F)(F)F)cc2)cc1
19315,CCCCN(CCCC)c1ccc(C#Cc2cc(C#Cc3ccc(C(F)(F)F)cc3)c(C#Cc3ccc(N(CCCC)CCCC)cc3)cc2C#Cc2ccc(C(F)(F)F)cc2)cc1
19316,CCCCN(CCCC)c1ccc(C#Cc2cc(C#Cc3cc(C(F)(F)F)cc(C(F)(F)F)c3)c(C#Cc3cc(C(F)(F)F)cc(C(F)(F)F)c3)cc2C#Cc2ccc(N(CCCC)CCCC)cc2)cc1
19317,CCCCN(CCCC)c1ccc(C#Cc2cc(C#Cc3ccc(N(CCCC)CCCC)cc3)c(C#Cc3cc(C(F)(F)F)cc(C(F)(F)F)c3)cc2C#Cc2cc(C(F)(F)F)cc(C(F)(F)F)c2)cc1
19318,CCCCN(CCCC)c1ccc(C#Cc2cc(C#Cc3cc(C(F)(F)F)cc(C(F)(F)F)c3)c(C#Cc3ccc(N(CCCC)CCCC)cc3)cc2C#Cc2cc(C(F)(F)F)cc(C(F)(F)F)c2)cc1
19319,CCCCN(CCCC)c1ccc(C#Cc2cc(C#Cc3c(F)c(F)c(F)c(F)c3F)c(C#Cc3c(F)c(F)c(F)c(F)c3F)cc2C#Cc2ccc(N(CCCC)CCCC)cc2)cc1
19320,CCCCN(CCCC)c1ccc(C#Cc2cc(C#Cc3ccc(N(CCCC)CCCC)cc3)c(C#Cc3c(F)c(F)c(F)c(F)c3F)cc2C#Cc2c(F)c(F)c(F)c(F)c2F)cc1
19321,CCCCN(CCCC)c1ccc(C#Cc2cc(C#Cc3c(F)c(F)c(F)c(F)c3F)c(C#Cc3ccc(N(CCCC)CCCC)cc3)cc2C#Cc2c(F)c(F)c(F)c(F)c2F)cc1
19433,c1ccc2c(c1)-c1ccccc1C21c2ccccc2-c2oc3c(c21)C1(c2ccccc2-c2ccccc21)c1ccccc1-3
19434,c1ccc2c(c1)-c1ccccc1C21c2ccccc2-c2sc3c(c21)C1(c2ccccc2-c2ccccc21)c1ccccc1-3
19435,c1ccc(-n2c3c(c4c2-c2ccccc2C42c4ccccc4-c4ccccc42)C2(c4ccccc4-c4ccccc42)c2ccccc2-3)cc1
19436,c1ccc(-c2ccc(-c3ccccc3)s2)cc1
19437,c1ccc2c(c1)Cc1c-2sc2c1Cc1ccccc1-2
19465,CC(C)(C)c1ccc2c(c1)c1cc(C(C)(C)C)ccc1n2-c1ccc(N(c2ccc(-c3ccc(N(c4ccc(-n5c6ccc(C(C)(C)C)cc6c6cc(C(C)(C)C)ccc65)cc4)c4ccc(-n5c6ccc(C(C)(C)C)cc6c6cc(C(C)(C)C)ccc65)cc4)cc3)cc2)c2ccc(-n3c4ccc(C(C)(C)C)cc4c4cc(C(C)(C)C)ccc43)cc2)cc1
19466,CC(C)(C)c1ccc2c(c1)c1cc(C(C)(C)C)ccc1n2-c1ccc(N(c2ccc(-c3ccc4c(c3)C(C)(C)c3cc(-c5ccc(N(c6ccc(-n7c8ccc(C(C)(C)C)cc8c8cc(C(C)(C)C)ccc87)cc6)c6ccc(-n7c8ccc(C(C)(C)C)cc8c8cc(C(C)(C)C)ccc87)cc6)cc5)ccc3-4)cc2)c2ccc(-n3c4ccc(C(C)(C)C)cc4c4cc(C(C)(C)C)ccc43)cc2)cc1
19467,CC(C)(C)c1ccc2c(c1)c1cc(C(C)(C)C)ccc1n2-c1ccc(N(c2ccc(-c3ccc(-c4ccc(N(c5ccc(-n6c7ccc(C(C)(C)C)cc7c7cc(C(C)(C)C)ccc76)cc5)c5ccc(-n6c7ccc(C(C)(C)C)cc7c7cc(C(C)(C)C)ccc76)cc5)cc4)s3)cc2)c2ccc(-n3c4ccc(C(C)(C)C)cc4c4cc(C(C)(C)C)ccc43)cc2)cc1
19468,CC(C)(C)c1ccc2c(c1)c1cc(C(C)(C)C)ccc1n2-c1ccc(N(c2ccc(-c3ccc(-c4ccc(-c5ccc(N(c6ccc(-n7c8ccc(C(C)(C)C)cc8c8cc(C(C)(C)C)ccc87)cc6)c6ccc(-n7c8ccc(C(C)(C)C)cc8c8cc(C(C)(C)C)ccc87)cc6)cc5)s4)s3)cc2)c2ccc(-n3c4ccc(C(C)(C)C)cc4c4cc(C(C)(C)C)ccc43)cc2)cc1
19469,CC(C)(C)c1ccc2c(c1)c1cc(C(C)(C)C)ccc1n2-c1ccc(N(c2ccc(-c3ccc(-c4ccc(-c5ccc(-c6ccc(-c7ccc(N(c8ccc(-n9c%10ccc(C(C)(C)C)cc%10c%10cc(C(C)(C)C)ccc%109)cc8)c8ccc(-n9c%10ccc(C(C)(C)C)cc%10c%10cc(C(C)(C)C)ccc%109)cc8)cc7)s6)s5)s4)s3)cc2)c2ccc(-n3c4ccc(C(C)(C)C)cc4c4cc(C(C)(C)C)ccc43)cc2)cc1
19470,CC(C)(C)c1ccc2c(c1)c1cc(C(C)(C)C)ccc1n2-c1ccc(N(c2ccc(-c3ccc(-c4ccc(N(c5ccc(-n6c7ccc(C(C)(C)C)cc7c7cc(C(C)(C)C)ccc76)cc5)c5ccc(-n6c7ccc(C(C)(C)C)cc7c7cc(C(C)(C)C)ccc76)cc5)cc4)c4nsnc34)cc2)c2ccc(-n3c4ccc(C(C)(C)C)cc4c4cc(C(C)(C)C)ccc43)cc2)cc1
19471,CC(C)(C)c1ccc2c(c1)c1cc(C(C)(C)C)ccc1n2-c1ccc(N(c2ccc(-c3ccc(-c4ccc(-c5ccc(-c6ccc(N(c7ccc(-n8c9ccc(C(C)(C)C)cc9c9cc(C(C)(C)C)ccc98)cc7)c7ccc(-n8c9ccc(C(C)(C)C)cc9c9cc(C(C)(C)C)ccc98)cc7)cc6)cc5)c5nsnc45)cc3)cc2)c2ccc(-n3c4ccc(C(C)(C)C)cc4c4cc(C(C)(C)C)ccc43)cc2)cc1
19472,CC(C)(C)c1ccc2c(c1)c1cc(C(C)(C)C)ccc1n2-c1ccc(N(c2ccc(-c3ccc(-c4ccc(-c5ccc(-c6ccc(N(c7ccc(-n8c9ccc(C(C)(C)C)cc9c9cc(C(C)(C)C)ccc98)cc7)c7ccc(-n8c9ccc(C(C)(C)C)cc9c9cc(C(C)(C)C)ccc98)cc7)cc6)s5)c5nsnc45)s3)cc2)c2ccc(-n3c4ccc(C(C)(C)C)cc4c4cc(C(C)(C)C)ccc43)cc2)cc1
19492,Clc1ccccc1N1c2c(sc3ccccc23)Sc2sc3ccccc3c21
19493,CN(C)c1ccc(N2c3sc4ccccc4c3Sc3sc4ccccc4c32)cc1
19516,COc1c2ccccc2c(OC)c2c(C#CC(C)(C)C)c3cc4sccc4cc3c(C#CC(C)(C)C)c12
19517,COc1c2ccccc2c(OC)c2c(C#C[Si](C(C)C)(C(C)C)C(C)C)c3cc4sccc4cc3c(C#C[Si](C(C)C)(C(C)C)C(C)C)c12
19518,COc1c2ccccc2c(OC)c2c(C#Cc3ccccc3)c3cc4sccc4cc3c(C#Cc3ccccc3)c12
19519,COc1c2ccccc2c(OC)c2c(C#CC(C)(C)C)c3cc4ccccc4cc3c(C#CC(C)(C)C)c12
19520,COc1c2ccccc2c(OC)c2c(C#C[Si](C(C)C)(C(C)C)C(C)C)c3cc4ccccc4cc3c(C#C[Si](C(C)C)(C(C)C)C(C)C)c12
19521,COc1c2ccccc2c(OC)c2c(C#Cc3ccccc3)c3cc4ccccc4cc3c(C#Cc3ccccc3)c12
19552,CCN(CC)c1ccc(-c2nc3c(nc2-c2ccc(B(c4c(C)cc(C)cc4C)c4c(C)cc(C)cc4C)cc2)c2ccccc2n3C)cc1
19558,CCN(CC)c1ccc(-c2nc3c4ccccc4n(C)c3nc2-c2ccc(B(c3c(C)cc(C)cc3C)c3c(C)cc(C)cc3C)cc2)cc1
19570,CC(C)[Si](C#Cc1ccc(C#C[Si](C(C)C)(C(C)C)C(C)C)c2nc3c4ccccc4c(=O)c4ccccc4c3nc12)(C(C)C)C(C)C
19571,CC(C)[Si](C#Cc1c2ccccc2c(C#C[Si](C(C)C)(C(C)C)C(C)C)c2nc3c4ccccc4c(=O)c4ccccc4c3nc12)(C(C)C)C(C)C
19572,CC(C)[Si](C#Cc1c2cc3ccccc3cc2c(C#C[Si](C(C)C)(C(C)C)C(C)C)c2nc3c4ccccc4c(=O)c4ccccc4c3nc12)(C(C)C)C(C)C
19573,CC(C)[Si](C#Cc1c2nc3ccccc3nc2c(C#C[Si](C(C)C)(C(C)C)C(C)C)c2nc3c4ccccc4c(=O)c4ccccc4c3nc12)(C(C)C)C(C)C
19574,CC(C)[Si](C#Cc1c2nsnc2c(C#C[Si](C(C)C)(C(C)C)C(C)C)c2nc3c4ccccc4c(=O)c4ccccc4c3nc12)(C(C)C)C(C)C
19575,CCC(C)[Si](C#Cc1c2nc3c4ccccc4c(=O)c4ccccc4c3nc2c(C#C[Si](C(C)CC)(C(C)CC)C(C)CC)c2nc3c4ccccc4c(=O)c4ccccc4c3nc12)(C(C)CC)C(C)CC
19576,O=c1c2ccccc2c2nc3cc4c(C#C[Si](C5CCCCC5)(C5CCCCC5)C5CCCCC5)c5cc6nc7c8ccccc8c(=O)c8ccccc8c7nc6cc5c(C#C[Si](C5CCCCC5)(C5CCCCC5)C5CCCCC5)c4cc3nc2c2ccccc12
19627,N#Cc1ccc(N(c2ccc(C#N)cc2)c2ccc3c4cccc5c(N(c6ccc(C#N)cc6)c6ccc(C#N)cc6)ccc(c6cccc2c63)c54)cc1
19628,Fc1ccc(N(c2ccc(F)cc2)c2ccc3c4cccc5c(N(c6ccc(F)cc6)c6ccc(F)cc6)ccc(c6cccc2c63)c54)cc1
19629,c1ccc(N(c2ccccc2)c2ccc3c4cccc5c(N(c6ccccc6)c6ccccc6)ccc(c6cccc2c63)c54)cc1
19630,Cc1ccc(N(c2ccc(C)cc2)c2ccc3c4cccc5c(N(c6ccc(C)cc6)c6ccc(C)cc6)ccc(c6cccc2c63)c54)cc1
19631,COc1ccc(N(c2ccc(OC)cc2)c2ccc3c4cccc5c(N(c6ccc(OC)cc6)c6ccc(OC)cc6)ccc(c6cccc2c63)c54)cc1
19667,CC(C)(C)c1cc2ccc3c(N(c4ccc(F)cc4)c4ccc(F)cc4)cc(N(c4ccc(F)cc4)c4ccc(F)cc4)c4ccc(c1)c2c34
19668,CC(C)(C)c1cc2ccc3c(N(c4ccccc4)c4ccccc4)cc(N(c4ccccc4)c4ccccc4)c4ccc(c1)c2c34
19669,Cc1ccc(N(c2ccc(C)cc2)c2cc(N(c3ccc(C)cc3)c3ccc(C)cc3)c3ccc4cc(C(C)(C)C)cc5ccc2c3c54)cc1
19670,CC(C)(C)c1ccc(N(c2ccc(C(C)(C)C)cc2)c2cc(N(c3ccc(C(C)(C)C)cc3)c3ccc(C(C)(C)C)cc3)c3ccc4cc(C(C)(C)C)cc5ccc2c3c54)cc1
19671,COc1ccc(N(c2ccc(OC)cc2)c2cc(N(c3ccc(OC)cc3)c3ccc(OC)cc3)c3ccc4cc(C(C)(C)C)cc5ccc2c3c54)cc1
19675,CCN(CC)c1cc2ccc3cccc4ccc(c1)c2c34
19679,N#Cc1cc2ccc3cccc4ccc(c1)c2c34
19683,CCN(CC)c1cc2ccc3cc(C#N)cc4ccc(c1)c2c34
19709,c1ccc(C2(c3ccccc3)c3cc4c(cc3-c3ccc5ccc6cccc7cc2c3c5c67)-c2ccc3ccc5cccc6cc(c2c3c56)C4(c2ccccc2)c2ccccc2)cc1
19730,c1ccc(/C(=C(\c2ccccc2)c2ccccc2-c2ccc(-c3ccccc3)cc2)c2ccccc2-c2ccc(-c3ccccc3)cc2)cc1
19731,c1ccc(/C(=C(\c2ccccc2)c2cc(-c3ccccc3)ccc2-c2ccccc2)c2cc(-c3ccccc3)ccc2-c2ccccc2)cc1
19732,Cc1ccc(-c2ccc(-c3ccc(C)cc3)c(/C(=C(/c3ccccc3)c3cc(-c4ccc(C)cc4)ccc3-c3ccc(C)cc3)c3ccccc3)c2)cc1
19733,c1ccc(/C(=C(\c2ccccc2)c2cc(-c3ccccc3)ccc2-c2ccc(-c3ccccc3)cc2)c2cc(-c3ccccc3)ccc2-c2ccc(-c3ccccc3)cc2)cc1
19734,Cc1ccc(-c2ccc(-c3ccc(-c4ccc(C)cc4)cc3/C(=C(/c3ccccc3)c3cc(-c4ccc(C)cc4)ccc3-c3ccc(-c4ccc(C)cc4)cc3)c3ccccc3)cc2)cc1
19735,c1ccc(/C(=C(\c2ccccc2)c2cc(-c3ccc(-c4ccccc4)cc3)ccc2-c2ccc(-c3ccccc3)cc2)c2cc(-c3ccc(-c4ccccc4)cc3)ccc2-c2ccc(-c3ccccc3)cc2)cc1
19736,Cc1ccc(-c2ccc(-c3ccc(-c4ccc(-c5ccc(C)cc5)cc4)c(/C(=C(/c4ccccc4)c4cc(-c5ccc(-c6ccc(C)cc6)cc5)ccc4-c4ccc(-c5ccc(C)cc5)cc4)c4ccccc4)c3)cc2)cc1
19737,c1ccc(-c2ccc(-c3ccccc3)cc2)cc1
19738,c1ccc(-c2ccc(-c3ccc(-c4ccccc4)cc3)cc2)cc1
19911,COC(=O)C1=C(C(=O)OC)C2=C[C@H]3c4ccccc4[C@]2([Se]1)c1ccccc13
19915,COC(=O)C1=C(C(=O)OC)C2=C[C@H]3c4ccccc4[C@]2(S1)c1ccccc13
20043,CCCCCCOc1cc(/C=C/c2cc(OCCCCCC)c(/C=C/c3cc(OCCCCCC)c(C=O)cc3OCCCCCC)cc2OCCCCCC)c(OCCCCCC)cc1C=O
20044,CCCCCCCCOc1cc(/C=C/c2cc(OCCCCCCCC)c(/C=C/c3cc(OCCCCCCCC)c(Br)cc3OCCCCCCCC)cc2OCCCCCCCC)c(OCCCCCCCC)cc1Br
20045,CCCCCCOc1cc(C=C(C#N)C#N)c(OCCCCCC)cc1C=C(C#N)C#N
20046,CCCCCCOc1cc(C=C2C(=O)c3ccccc3C2=O)c(OCCCCCC)cc1C=C1C(=O)c2ccccc2C1=O
20047,CCCCCCOc1cc(C=C2C(=C(C#N)C#N)c3ccccc3C2=C(C#N)C#N)c(OCCCCCC)cc1C=C1C(=C(C#N)C#N)c2ccccc2C1=C(C#N)C#N
20048,CCCCCCCCOc1cc(/C=C/c2ccncc2)c(OCCCCCCCC)cc1/C=C/c1ccncc1
20123,CCCCCCn1c2c(c3ccccc31)-c1c(c3ccccc3n1CCCCCC)-c1c(c3ccccc3n1CCCCCC)-c1c-2c2ccccc2n1CCCCCC
20124,CCCCCCn1c2c(c3cc(-c4ccc5ccc6cccc7ccc4c5c67)ccc31)-c1c(c3cc(-c4ccc5ccc6cccc7ccc4c5c67)ccc3n1CCCCCC)-c1c(c3cc(-c4ccc5ccc6cccc7ccc4c5c67)ccc3n1CCCCCC)-c1c-2c2cc(-c3ccc4ccc5cccc6ccc3c4c56)ccc2n1CCCCCC
20211,Cc1cc(C)c(-c2cc(-c3c(C)cc(C)cc3C)c3ccc4c(-c5c(C)cc(C)cc5C)cc(-c5c(C)cc(C)cc5C)c5ccc2c3c54)c(C)c1
20212,Cc1cc(C)c(C)c(-c2cc(-c3c(C)c(C)cc(C)c3C)c3ccc4c(-c5c(C)c(C)cc(C)c5C)cc(-c5c(C)c(C)cc(C)c5C)c5ccc2c3c54)c1C
20213,COc1cc(C)c(-c2cc(-c3c(C)cc(OC)cc3C)c3ccc4c(-c5c(C)cc(OC)cc5C)cc(-c5c(C)cc(OC)cc5C)c5ccc2c3c54)c(C)c1
